EnhetNivaa,Nasjonaltkode,Fylkekode,Kommunekode,Organisasjonsnummer,Nasjonalt,Fylke,Kommune,EnhetNavn,E.8.B,E.8.B.u,E.8.B.N,E.8.G,E.8.G.u,E.8.G.N,R.8.B,R.8.B.u,R.8.B.N,R.8.G,R.8.G.u,R.8.G.N,M.8.B,M.8.B.u,M.8.B.N,M.8.G,M.8.G.u,M.8.G.N
4,I,3,301,974589966,Hele landet,Oslo,Oslo,Linderud skole,42,3,28,48,3.9,20,39,2.2,28,45,4.2,23,40,2.5,28,43,4.7,22
4,I,54,5428,975268586,Hele landet,Troms og Finnmark - Romsa ja Finnmárku - Tromssa ja Finmarkku,Nordreisa - Ráisa - Raisi,Storslett skole,43,4.9,21,46,4.5,21,41,5,21,43,4.1,23,44,4.7,22,41,5,22
4,I,42,4205,975271609,Hele landet,Agder,Lindesnes,Øyslebø skole,44,3.6,13,43,4,11,42,3.8,14,43,2.9,11,47,4.8,14,40,3,11
4,I,3,301,974590549,Hele landet,Oslo,Oslo,Haugenstua skole,45,3.5,33,49,2.4,45,42,2.4,31,49,2.7,44,47,3.5,34,48,2.4,44
4,I,42,4204,985315469,Hele landet,Agder,Kristiansand,Oasen skole Birkelid AS,46,7,10,46,4.9,13,42,7.7,11,49,7.9,11,,,,,,
4,I,30,3044,875284932,Hele landet,Viken,Hol,Geilo barne- og ungdomsskole,46,4.9,22,48,2.8,20,42,3.3,20,48,4.5,19,47,3.9,21,48,4.2,21
4,I,3,301,974590468,Hele landet,Oslo,Oslo,Lindeberg skole,47,3.3,30,50,3.3,36,42,3.1,30,47,2.9,36,46,2.9,30,42,2.7,36
4,I,3,301,974590115,Hele landet,Oslo,Oslo,Rommen skole,48,2.8,41,51,2.8,30,42,2.3,41,47,2.7,30,45,2.5,39,45,2.5,30
4,I,11,1106,984065159,Hele landet,Rogaland,Haugesund,Skåredalen skole,51,3.5,27,50,4,25,42,2.8,27,44,2.4,25,51,4.3,27,48,2.6,24
4,I,50,5035,980851176,Hele landet,Trøndelag - Trööndelage,Stjørdal,Hegra ungdomsskole,43,4.1,21,45,3.5,21,43,3.7,21,46,2.6,22,46,4.4,21,41,2.8,22
4,I,50,5038,974036606,Hele landet,Trøndelag - Trööndelage,Verdal,Vuku barne- og ungdomsskole,44,3,24,44,4.2,22,43,2.8,25,46,4,22,48,2.6,25,45,3.1,22
4,I,54,5403,984606060,Hele landet,Troms og Finnmark - Romsa ja Finnmárku - Tromssa ja Finmarkku,Alta,Sandfallet ungdomsskole,45,3.5,35,47,3,43,43,3.1,35,49,3.2,43,46,3.2,34,43,2.4,43
4,I,50,5038,975279340,Hele landet,Trøndelag - Trööndelage,Verdal,Verdalsøra ungdomsskole,45,2.1,72,46,2.1,54,43,1.8,72,47,1.8,54,49,1.8,73,47,2.3,54
4,I,18,1868,975288129,Hele landet,Nordland,Øksnes,Myre skole,46,3.9,20,49,3.4,22,43,5.5,19,47,3.7,23,45,4.6,20,47,3.5,21
4,I,46,4632,975285863,Hele landet,Vestland,Austrheim,Årås skule,46,5.5,10,51,4.1,23,43,5.6,10,49,3.9,23,49,6.4,10,47,3.2,22
4,I,11,1149,875290282,Hele landet,Rogaland,Karmøy,Stangeland ungdomsskole,47,2.6,41,49,2.2,57,43,2.1,42,49,2.5,59,49,2.5,41,47,2.4,58
4,I,54,5435,975280047,Hele landet,Troms og Finnmark - Romsa ja Finnmárku - Tromssa ja Finmarkku,Nordkapp,Honningsvåg skole,47,4.4,24,43,5.2,12,43,4.1,25,42,3.6,12,45,4.1,25,44,4,11
4,I,38,3803,975268683,Hele landet,Vestfold og Telemark,Tønsberg,Byskogen Kombinerte skole,47,3.7,38,49,2.7,27,43,2.7,38,48,2.6,26,46,3.6,38,43,3.1,27
4,I,30,3004,974565420,Hele landet,Viken,Fredrikstad,Cicignon skole,47,3.3,23,50,2.6,42,43,3.1,20,45,2.8,42,47,3.6,20,43,3,43
4,I,15,1547,975283372,Hele landet,Møre og Romsdal,Aukra,Julsundet skole,48,3.5,22,48,4.2,14,43,2.9,22,52,5,14,47,3.5,22,48,4.2,14
4,I,3,301,913511085,Hele landet,Oslo,Oslo,Granstangen skole,48,2.8,50,49,2.2,68,43,2.4,50,45,1.9,68,47,2.8,51,45,2.4,67
4,I,50,5025,975282775,Hele landet,Trøndelag - Trööndelage,Røros,Røros skole,48,3.1,31,49,3.8,28,43,3.3,32,52,3.6,27,44,3.2,32,48,3.6,27
4,I,50,5001,875290142,Hele landet,Trøndelag - Trööndelage,Trondheim,Sjetne skole,48,4.5,21,50,3,40,43,5,21,49,3.4,39,45,3.6,24,45,2.7,39
4,I,42,4202,914142008,Hele landet,Agder,Grimstad,Drottningborg ungdomsskole AS,50,5.2,17,49,3.2,27,43,3.6,18,45,2,31,53,4.9,18,49,2.8,30
4,I,34,3442,875290622,Hele landet,Innlandet,Østre Toten,Lena ungdomsskole,45,3.3,37,46,2.4,31,44,3,37,52,2.8,31,47,3.1,35,45,3.1,31
4,I,15,1563,974016370,Hele landet,Møre og Romsdal,Sunndal,Sunndal ungdomsskole,45,3.9,29,48,2.7,36,44,3.4,29,51,3.1,36,48,2.7,28,46,3,36
4,I,50,5027,975282848,Hele landet,Trøndelag - Trööndelage,Midtre Gauldal,Støren ungdomsskole,45,3.4,33,46,3.2,42,44,2,32,50,3.1,41,44,2.4,34,47,2.8,40
4,I,15,1531,975289745,Hele landet,Møre og Romsdal,Sula,Sula ungdomsskule,46,2.8,52,47,2.5,52,44,2.6,51,45,2.5,52,48,2.4,52,43,2.2,51
4,I,30,3005,992374179,Hele landet,Viken,Drammen,Marienlyst ungdomsskole,46,1.9,84,49,2.3,77,44,1.7,84,49,2.4,77,47,2.2,84,48,2.4,78
4,I,34,3418,975273156,Hele landet,Innlandet,Åsnes,Åsnes ungdomsskole,47,2.9,30,47,3.4,30,44,3.2,30,48,3.5,30,48,2.7,30,47,3.5,30
4,I,38,3803,975294811,Hele landet,Vestfold og Telemark,Tønsberg,Vear Kombinerte skole,47,2.9,38,50,3.3,31,44,3,39,48,3.5,30,48,3.7,39,46,2.3,30
4,I,34,3422,975273407,Hele landet,Innlandet,Åmot,Åmot ungdomsskole,48,5.3,16,48,3.9,25,44,4.8,16,51,3.5,25,48,4.3,16,46,3.2,25
4,I,15,1547,975289923,Hele landet,Møre og Romsdal,Aukra,Gossen barne- og ungdomsskole Avd skole,48,5.5,16,52,4.5,18,44,4.7,16,51,3.5,18,52,3.8,16,48,3.5,19
4,I,15,1579,875283502,Hele landet,Møre og Romsdal,Hustadvika,Fræna ungdomsskule,48,3.7,32,46,2.8,34,44,3.4,33,48,2.8,33,47,4,29,47,2.9,34
4,I,3,301,874590622,Hele landet,Oslo,Oslo,Tokerud skole,48,2.6,67,50,2.7,51,44,2.2,65,46,2.5,52,49,2.4,67,47,2.8,53
4,I,11,1106,975275981,Hele landet,Rogaland,Haugesund,Håvåsen skole,48,2.3,61,51,2.5,62,44,2.3,60,48,2.4,64,46,2.3,60,46,2.5,64
4,I,11,1103,974611848,Hele landet,Rogaland,Stavanger,Smiodden skole,48,2.8,37,51,2.7,40,44,2.1,37,50,2.8,40,45,2.6,37,48,2.4,40
4,I,54,5422,974058782,Hele landet,Troms og Finnmark - Romsa ja Finnmárku - Tromssa ja Finmarkku,Balsfjord,Storsteinnes skole,48,4.7,16,49,4.6,11,44,4,16,44,3.1,12,50,4.6,15,43,3.4,11
4,I,50,5059,974588390,Hele landet,Trøndelag - Trööndelage,Orkland,Grøtte skole,48,3.2,28,49,3.4,24,44,3.2,28,49,4.3,23,48,3.3,28,46,3,23
4,I,30,3025,974578336,Hele landet,Viken,Asker,Borgen ungdomsskole,48,3.5,38,53,2.9,44,44,3.6,38,51,3.2,45,47,4.3,38,51,3.3,44
4,I,30,3004,974565277,Hele landet,Viken,Fredrikstad,Borge ungdomsskole,48,1.8,69,46,2.2,67,44,1.6,69,47,1.9,67,47,2.1,69,44,1.7,68
4,I,30,3020,974593548,Hele landet,Viken,Nordre Follo,Siggerud skole,48,3.3,23,50,4.3,29,44,4,23,51,4.5,30,48,3.7,23,48,2.6,30
4,I,42,4213,975283070,Hele landet,Agder,Tvedestrand,Lyngmyr skole,49,3,29,51,2.6,35,44,3,28,52,2.9,36,49,2.9,28,50,2.7,34
4,I,11,1127,874551422,Hele landet,Rogaland,Randaberg,Harestad skole,49,3,31,52,3.4,29,44,2.9,31,51,3.1,29,51,3.2,29,51,3.3,28
4,I,50,5001,975279081,Hele landet,Trøndelag - Trööndelage,Trondheim,Spongdal skole,49,3.8,33,49,3.1,33,44,3.1,33,50,3,35,48,3.7,32,48,2.4,34
4,I,3,301,980953602,Hele landet,Oslo,Oslo,Bjørnholt ungdomsskole,50,2.7,39,46,2.5,38,44,3.1,34,41,3,35,49,3.6,38,42,2.6,38
4,I,11,1146,975290719,Hele landet,Rogaland,Tysvær,Frakkagjerd ungdomsskole,50,3,43,49,2.5,49,44,3,43,47,2.1,48,48,3.4,43,47,2.4,50
4,I,46,4601,974738368,Hele landet,Vestland,Bergen,Holen skole,50,2.5,60,50,2.8,39,44,2.6,62,47,2.7,40,49,2.9,61,44,2.3,39
4,I,34,3428,975273520,Hele landet,Innlandet,Alvdal,Alvdal ungdomsskole,45,3.9,16,49,3.5,15,45,2.9,16,51,4.4,15,49,4.2,16,49,3.5,15
4,I,50,5037,876976072,Hele landet,Trøndelag - Trööndelage,Levanger,Skogn barne- og ungdomsskole,45,3,25,42,3.7,27,45,3,27,48,3.8,27,48,3.6,27,46,3.3,27
4,I,18,1860,975288684,Hele landet,Nordland,Vestvågøy,Leknes skole,46,4,27,46,2.7,43,45,3.2,28,47,2.8,46,46,3.6,27,46,2.8,43
4,I,11,1114,974623528,Hele landet,Rogaland,Bjerkreim,Vikeså skule,46,3.9,18,48,4.9,20,45,4.2,17,51,3.9,21,53,5.3,18,52,4,19
4,I,11,1160,974618109,Hele landet,Rogaland,Vindafjord,Vikedal skule,46,5.6,14,48,5.2,14,45,4.4,14,50,4.2,14,51,4.7,14,48,4.3,14
4,I,54,5427,975299821,Hele landet,Troms og Finnmark - Romsa ja Finnmárku - Tromssa ja Finmarkku,Skjervøy,Skjervøy ungdomsskole,46,5.8,12,,,,45,3,10,,,,49,4.4,11,,,
4,I,46,4626,995431971,Hele landet,Vestland,Øygarden,Tranevågen ungdomsskule,46,2,76,48,2.2,65,45,2,73,49,2,65,47,2.1,76,46,2.2,64
4,I,30,3004,973872087,Hele landet,Viken,Fredrikstad,Vestbygda ungdomsskole,46,3.1,19,51,2.8,31,45,2.9,19,54,3,30,50,2.9,20,54,3.3,30
4,I,30,3049,974546086,Hele landet,Viken,Lier,Sylling skole,46,4.5,22,47,3.3,16,45,4.5,23,50,4.8,17,49,4.2,23,47,4,17
4,I,34,3407,975292762,Hele landet,Innlandet,Gjøvik,Vardal ungdomsskole,47,2.4,54,50,2.1,55,45,2.4,54,52,2.3,55,47,2.3,54,47,2.3,55
4,I,18,1870,975288277,Hele landet,Nordland,Sortland - Suortá,Sortland ungdomsskole,47,2,80,48,2.4,57,45,1.8,82,49,2.5,57,47,2.2,81,45,2.5,56
4,I,11,1119,975275841,Hele landet,Rogaland,Hå,Nærbø ungdomsskule,47,2.7,43,49,2.2,54,45,2.5,43,50,2.6,55,,,,,,
4,I,11,1149,975274934,Hele landet,Rogaland,Karmøy,Bø ungdomsskole,47,2.9,49,46,2.1,46,45,2.2,48,50,2.3,45,49,2.8,47,49,2.3,46
4,I,50,5001,923189963,Hele landet,Trøndelag - Trööndelage,Trondheim,Trondheim idrettsungdomsskole AS,47,4,15,50,4.6,14,45,3.9,15,53,5.5,15,49,3.3,15,48,3.4,14
4,I,38,3802,974542714,Hele landet,Vestfold og Telemark,Holmestrand,Gjøklep ungdomsskole,47,2.3,76,48,2.2,63,45,2.2,76,49,2.3,62,48,2.1,76,47,1.9,63
4,I,46,4631,975286118,Hele landet,Vestland,Alver,Meland ungdomsskule,47,3.4,36,47,2.3,36,45,3,39,47,2.6,36,47,2.9,39,44,2,36
4,I,30,3003,975280551,Hele landet,Viken,Sarpsborg,Hafslund ungdomsskole,47,2.6,53,50,2.8,40,45,2.1,54,47,2.9,42,46,2.4,53,47,2.7,42
4,I,34,3447,975290646,Hele landet,Innlandet,Søndre Land,Søndre Land ungdomsskole,48,3.3,31,51,3.6,26,45,3.3,31,52,2.9,26,42,3.7,31,45,2.5,26
4,I,3,301,974590557,Hele landet,Oslo,Oslo,Haugerud skole,48,2.5,64,51,2.5,65,45,2,66,47,2.6,67,48,2.6,65,46,2.3,66
4,I,3,301,974590794,Hele landet,Oslo,Oslo,Lofsrud skole,48,2.2,59,48,2.2,73,45,1.8,60,45,2.1,75,49,2.4,61,44,2.1,74
4,I,38,3805,974584697,Hele landet,Vestfold og Telemark,Larvik,Brunla ungdomsskole,48,2.9,36,46,2.6,42,45,2.8,36,47,2.4,42,47,2.7,36,44,2.8,41
4,I,38,3804,974606984,Hele landet,Vestfold og Telemark,Sandefjord,Andebu ungdomsskole,48,3.3,42,44,2.8,33,45,2.9,42,49,2.8,34,50,3.4,42,45,2.3,34
4,I,46,4625,975289281,Hele landet,Vestland,Austevoll,Austevoll ungdomsskule,48,3.7,36,48,3.2,38,45,3.1,36,47,2.2,37,48,3.1,36,45,2.5,38
4,I,30,3020,975289591,Hele landet,Viken,Nordre Follo,Fløysbonn skole,48,3.6,32,50,2.6,49,45,3.5,32,51,2.3,49,49,3.3,32,50,2.2,49
4,I,30,3033,975289613,Hele landet,Viken,Ullensaker,Vesong ungdomsskole,48,3,52,50,2.5,43,45,2.4,52,49,2.5,43,48,2.4,52,45,2.7,42
4,I,11,1149,975275167,Hele landet,Rogaland,Karmøy,Skudenes ungdomsskole,49,3.9,26,47,2.7,33,45,3,25,46,2.8,33,48,3.9,26,44,3.2,33
4,I,54,5406,875279912,Hele landet,Troms og Finnmark - Romsa ja Finnmárku - Tromssa ja Finmarkku,Hammerfest - Hámmerfeasta,Fjordtun skole,49,3.5,19,51,4.6,10,45,3.6,19,47,7.4,10,45,2.7,19,43,3.9,10
4,I,50,5036,975279480,Hele landet,Trøndelag - Trööndelage,Frosta,Frosta skole,49,8.7,11,48,6.2,14,45,6.1,11,44,5.5,15,48,7.7,11,46,4.5,15
4,I,50,5059,974588382,Hele landet,Trøndelag - Trööndelage,Orkland,Orkanger ungdomsskole,49,2.7,39,47,2.5,55,45,2.1,39,45,2.1,55,50,3.3,39,46,2.2,55
4,I,38,3814,975299422,Hele landet,Vestfold og Telemark,Kragerø,Sannidal ungdomsskole,49,3.3,26,47,4.2,20,45,3.2,26,48,3.5,19,49,3.3,26,43,3.4,20
4,I,30,3004,973871935,Hele landet,Viken,Fredrikstad,Haugeåsen ungdomsskole,49,1.8,91,50,2.2,58,45,1.6,90,49,1.9,60,48,1.9,90,46,2.3,59
4,I,34,3407,975290603,Hele landet,Innlandet,Gjøvik,Bjørnsveen ungdomsskole,50,3.3,45,50,2.6,46,45,3.2,45,52,3.1,46,50,3,46,49,3,47
4,I,15,1505,975299155,Hele landet,Møre og Romsdal,Kristiansund,Frei ungdomsskole,50,3.2,40,50,2.6,42,45,3.1,41,51,2.8,44,49,2.9,38,50,2.6,42
4,I,15,1507,876599112,Hele landet,Møre og Romsdal,Ålesund,Stiftelsen Møre barne- og Ungdomsskule. Ålesund,50,3.7,19,49,3.1,26,45,4.8,22,49,3.6,26,50,4,22,46,4.2,26
4,I,50,5001,975279049,Hele landet,Trøndelag - Trööndelage,Trondheim,Åsheim ungdomsskole,50,2.4,72,48,2.3,62,45,2.3,74,46,2.7,63,48,2.6,73,43,2.1,62
4,I,15,1535,925148849,Hele landet,Møre og Romsdal,Vestnes,Helland ungdomsskule,51,4.1,20,49,4.3,27,45,4.5,21,49,3.8,27,49,4.4,21,46,3.5,27
4,I,38,3806,975295702,Hele landet,Vestfold og Telemark,Porsgrunn,Stridsklev ungdomsskole,51,4,19,54,5.6,10,45,4.1,19,52,6.3,10,48,5.7,18,50,6.2,10
4,I,54,5401,979446373,Hele landet,Troms og Finnmark - Romsa ja Finnmárku - Tromssa ja Finmarkku,Tromsø,Storelva skole,52,4.7,21,52,5.2,12,45,3.1,21,49,2.1,12,52,5.2,19,50,4.4,12
4,I,46,4616,975281418,Hele landet,Vestland,Tysnes,Tysnes skule,43,4.7,16,51,4.3,13,46,2.6,16,54,3.9,13,49,4.9,16,51,4.8,14
4,I,34,3419,975273210,Hele landet,Innlandet,Våler (Innlandet),Våler barne- og ungdomsskole,44,6.2,11,48,4.1,14,46,4.5,11,51,3.6,14,47,3.7,11,50,5.3,14
4,I,42,4203,875283162,Hele landet,Agder,Arendal,Stuenes skole Barne- og Ungdomstrinn,45,2.9,44,47,3.3,36,46,2.2,42,49,2.4,37,48,3,44,45,2.6,37
4,I,18,1813,975286479,Hele landet,Nordland,Brønnøy,Salhus skole,45,4.3,22,45,3.3,20,46,2.9,24,49,2.8,21,48,2.6,23,45,3.3,19
4,I,30,3018,975280802,Hele landet,Viken,Våler (Viken),Våler ungdomsskole,45,3.6,31,46,3,36,46,3.1,30,47,3.2,36,45,3.5,29,46,2.7,36
4,I,42,4204,975271579,Hele landet,Agder,Kristiansand,Tangvall skole,46,3.6,36,48,3.1,31,46,3.1,35,49,3.1,32,47,3.7,36,45,2.7,32
4,I,34,3436,976641345,Hele landet,Innlandet,Nord-Fron,Vinstra ungdomsskole,46,2.8,31,49,2.7,33,46,2.2,31,52,3.1,33,46,3.1,32,47,2.5,33
4,I,11,1119,975299961,Hele landet,Rogaland,Hå,Varhaug ungdomsskule,46,3,27,46,2.1,32,46,2.7,30,49,3.4,33,49,2.7,29,47,3.1,33
4,I,46,4627,975287467,Hele landet,Vestland,Askøy,Fauskanger barne- og ungdomsskule,46,5.6,19,50,4.6,13,46,4.2,19,52,5.7,13,48,5.1,19,44,5.7,13
4,I,30,3026,974583704,Hele landet,Viken,Aurskog-Høland,Bråte skole,46,3.4,28,45,3.4,34,46,3.4,30,47,3.7,35,47,3,29,44,2.9,34
4,I,11,1108,974610973,Hele landet,Rogaland,Sandnes,Riska ungdomsskole,47,2.2,53,47,3,46,46,2.2,52,47,2.3,51,48,2.5,52,43,2,50
4,I,54,5444,922573115,Hele landet,Troms og Finnmark - Romsa ja Finnmárku - Tromssa ja Finmarkku,Sør-Varanger,Sandnes og Bjørnevatn skole,47,3.7,20,47,3.5,16,46,4.1,20,49,3.7,16,53,4.1,20,49,3.6,16
4,I,50,5007,975290115,Hele landet,Trøndelag - Trööndelage,Namsos - Nåavmesjenjaelmie,Namsos ungdomsskole,47,2.9,38,45,3.4,35,46,3.1,38,47,2.7,35,50,3.4,38,46,2.7,35
4,I,50,5001,974588145,Hele landet,Trøndelag - Trööndelage,Trondheim,Klæbu ungdomsskole,47,3.5,40,44,2.9,40,46,3.6,39,48,3.3,39,50,3.7,38,47,3.2,39
4,I,30,3006,975284670,Hele landet,Viken,Kongsberg,Vestsiden ungdomsskole,47,2.8,45,51,2.4,57,46,2.3,43,51,2.5,56,51,2.9,45,51,2.5,54
4,I,30,3016,975290530,Hele landet,Viken,Rakkestad,Rakkestad ungdomsskole,47,2.5,53,46,2.6,48,46,2.2,54,48,2.5,49,49,2.6,54,48,3,48
4,I,42,4202,974548852,Hele landet,Agder,Grimstad,Grimstad ungdomsskole,48,2.1,56,44,2.6,49,46,2.1,55,46,2.5,51,51,2.3,55,45,2.1,50
4,I,42,4215,975283224,Hele landet,Agder,Lillesand,Lillesand ungdomsskole,48,2.7,60,50,2.2,65,46,2,62,51,2.4,67,47,2.1,60,47,1.7,67
4,I,15,1506,873994592,Hele landet,Møre og Romsdal,Molde,Bergmo ungdomsskole,48,2.3,49,47,2.5,52,46,2.3,52,49,2.7,54,48,2.7,51,45,2.4,54
4,I,50,5054,875282492,Hele landet,Trøndelag - Trööndelage,Indre Fosen,Stadsbygd skole,48,5,13,47,5,13,46,4.6,13,49,5.3,13,48,4.8,13,43,3.7,13
4,I,38,3806,975277984,Hele landet,Vestfold og Telemark,Porsgrunn,Tveten ungdomsskole,48,3.2,32,53,2.7,38,46,3,33,53,2.2,38,50,3.3,32,50,2.2,38
4,I,38,3807,976824466,Hele landet,Vestfold og Telemark,Skien,Gimsøy skole,48,2.6,51,51,2.2,75,46,2.8,53,52,1.9,75,50,2.7,52,48,1.8,75
4,I,38,3807,975294994,Hele landet,Vestfold og Telemark,Skien,Kongerød ungdomsskole,48,2.9,36,50,4.1,33,46,2.7,36,46,3.2,33,49,2.6,36,45,3.9,33
4,I,46,4601,974738473,Hele landet,Vestland,Bergen,Garnes ungdomsskule,48,1.7,81,48,2.1,84,46,1.9,80,49,1.8,86,48,1.9,80,47,1.9,85
4,I,46,4602,975276716,Hele landet,Vestland,Kinn,Vågsøy ungdomsskule,48,3.2,31,48,2.7,36,46,2.5,30,49,3.2,34,53,3.8,31,50,3,33
4,I,46,4651,875276972,Hele landet,Vestland,Stryn,Stryn ungdomsskule,48,3.2,33,50,3.7,24,46,3,34,51,3.7,24,50,3.5,33,47,3.3,24
4,I,46,4626,975287769,Hele landet,Vestland,Øygarden,Sund ungdomsskule,48,2.4,49,49,2.7,53,46,2.1,48,51,2.3,52,48,1.8,48,46,2.1,52
4,I,30,3030,979797699,Hele landet,Viken,Lillestrøm,Tæruddalen skole,48,2.4,64,49,2.3,69,46,2.4,63,50,2.2,69,48,2.3,64,49,2,69
4,I,30,3003,975280543,Hele landet,Viken,Sarpsborg,Sandbakken barne- og ungdomsskole,48,2.4,50,47,2.6,47,46,2.3,52,49,2.5,45,48,2.3,52,46,2.2,47
4,I,42,4204,974598574,Hele landet,Agder,Kristiansand,Møvig skole,49,3.2,46,48,2.9,51,46,2.9,47,50,3.1,51,50,3.3,45,48,2.6,51
4,I,34,3414,975289176,Hele landet,Innlandet,Nord-Odal,Nord-Odal ungdomsskole,49,4.5,23,49,3.8,31,46,4,23,51,3,31,48,3.5,23,47,3.7,31
4,I,11,1124,975267687,Hele landet,Rogaland,Sola,Tananger ungdomsskole,49,2.3,45,54,2.9,42,46,2.6,44,54,3,42,49,2.8,44,51,2.6,42
4,I,54,5406,975279626,Hele landet,Troms og Finnmark - Romsa ja Finnmárku - Tromssa ja Finmarkku,Hammerfest - Hámmerfeasta,Breilia skole,49,3.6,37,50,3,31,46,2.9,38,49,3.3,31,50,2.9,35,45,3.2,30
4,I,38,3801,974605694,Hele landet,Vestfold og Telemark,Horten,Orerønningen ungdomsskole,49,2.5,30,49,2.8,40,46,3.3,31,48,2.7,40,49,3.6,30,44,2.4,40
4,I,38,3817,975290301,Hele landet,Vestfold og Telemark,Midt-Telemark,Bø ungdomsskule,49,3.5,29,52,4,26,46,3.7,30,56,3.7,26,52,3.4,30,52,4.8,25
4,I,38,3818,974548429,Hele landet,Vestfold og Telemark,Tinn,Rjukan ungdomsskole,49,5.4,17,48,3.5,23,46,3.4,17,45,2.9,23,46,4.2,17,43,2.1,23
4,I,46,4601,974738465,Hele landet,Vestland,Bergen,Åstveit skole,49,2.2,70,49,2.2,65,46,2,73,52,2.3,66,50,2,72,48,2.1,66
4,I,30,3025,974578344,Hele landet,Viken,Asker,Hovedgården ungdomsskole,49,3,43,52,2.3,48,46,3.2,43,52,1.9,49,47,3.6,43,51,1.9,49
4,I,30,3024,989280902,Hele landet,Viken,Bærum,Vøyenenga skole,49,2.3,57,49,2.5,48,46,2,59,49,2.6,49,48,2.6,58,46,2.3,48
4,I,30,3004,974565285,Hele landet,Viken,Fredrikstad,Begby barne- og ungdomsskole,49,3.2,21,52,4.4,21,46,4.4,23,52,3.7,21,50,3.2,22,50,3.7,21
4,I,30,3032,974547651,Hele landet,Viken,Gjerdrum,Gjerdrum ungdomsskole,49,2.7,48,50,3.4,35,46,2.3,48,51,3,35,51,2.6,47,48,2.6,35
4,I,30,3017,975289125,Hele landet,Viken,Råde,Råde kommune Råde ungdomsskole,49,2.8,49,49,3.4,28,46,2.1,49,50,3,28,50,2.6,48,46,2,28
4,I,30,3033,975272524,Hele landet,Viken,Ullensaker,Allergot ungdomsskole,49,2.4,58,48,2.1,67,46,2.3,58,49,2.1,68,48,2.3,58,46,2.1,68
4,I,30,3033,913394844,Hele landet,Viken,Ullensaker,Gystadmarka ungdomsskole,49,1.9,79,49,2,76,46,1.7,81,50,2.1,76,51,2.2,81,47,2.2,74
4,I,11,1106,975276007,Hele landet,Rogaland,Haugesund,Hauge skole,50,4.9,27,,,,46,3.8,27,,,,48,3.3,27,,,
4,I,38,3801,974605686,Hele landet,Vestfold og Telemark,Horten,Holtan ungdomsskole,50,2.3,76,52,3,44,46,2.5,76,50,3,44,47,2.5,77,45,2.6,44
4,I,46,4614,974563444,Hele landet,Vestland,Stord,Stord ungdomsskule,50,2.6,50,53,2.4,42,46,3.2,45,49,3,45,48,2.6,47,47,3.1,41
4,I,30,3005,974561840,Hele landet,Viken,Drammen,Svelvik ungdomsskole,50,2.3,53,51,2.5,43,46,2.6,53,50,2.6,43,45,2.6,53,45,2.6,43
4,I,30,3002,975280446,Hele landet,Viken,Moss,Bytårnet skole,50,2.3,46,49,2.8,36,46,2,46,47,3.4,34,48,2.6,46,45,2.6,35
4,I,30,3003,875280732,Hele landet,Viken,Sarpsborg,Tindlund ungdomsskole,50,2,48,49,2.5,46,46,2.3,47,49,2.5,48,49,2.4,48,47,2,49
4,I,15,1507,974573490,Hele landet,Møre og Romsdal,Ålesund,Skarbøvik ungdomsskole,51,2.9,33,51,3,36,46,2.8,34,51,2.9,35,50,2.8,34,46,2.8,37
4,I,3,301,979125917,Hele landet,Oslo,Oslo,Groruddalen skole,51,3.5,43,49,3.2,41,46,2.9,48,45,2.7,41,46,2.8,46,42,2.7,42
4,I,42,4204,974598590,Hele landet,Agder,Kristiansand,Fiskå skole,52,3.5,33,52,3.1,37,46,3,33,53,3.4,37,50,2.6,33,52,3,37
4,I,11,1133,975275485,Hele landet,Rogaland,Hjelmeland,Hjelmeland skule,45,6,14,52,6.2,18,47,4.5,12,54,4.2,17,45,5,14,48,3.8,18
4,I,38,3802,975268799,Hele landet,Vestfold og Telemark,Holmestrand,Hof skole,45,4.6,16,52,4.3,19,47,4,18,52,3.1,19,48,4.3,18,49,3.6,19
4,I,30,3015,975280640,Hele landet,Viken,Skiptvet,Kirkelund skole,45,6.2,11,51,3,26,47,5.8,11,54,3.1,26,51,7,10,53,2.9,26
4,I,42,4219,975280977,Hele landet,Agder,Evje og Hornnes,Evje ungdomsskule,46,3.4,23,48,3.3,23,47,4.5,23,50,3.2,23,51,3.5,23,48,3.9,23
4,I,34,3415,973672770,Hele landet,Innlandet,Sør-Odal,Glommasvingen skole,46,2.9,41,47,3.6,36,47,2.6,42,48,2.7,38,46,2.8,41,44,2.7,36
4,I,18,1865,974558653,Hele landet,Nordland,Vågan,Kabelvåg ungdomsskole,46,5.9,12,53,4.8,11,47,4.9,12,50,3.1,11,46,3.8,14,47,4.6,12
4,I,42,4204,984446853,Hele landet,Agder,Kristiansand,Tinntjønn skole,47,2.9,46,46,3.4,30,47,2.1,46,47,4,31,48,2.6,46,44,2.8,31
4,I,46,4621,975289702,Hele landet,Vestland,Voss,Voss ungdomsskule,47,2.2,73,,,,47,2.1,73,53,2.3,72,51,2.2,75,,,
4,I,30,3026,974583674,Hele landet,Viken,Aurskog-Høland,Bjørkelangen skole,47,2.6,32,47,3.1,39,47,2.6,33,50,2.7,39,47,2.7,33,46,2.8,40
4,I,30,3053,975274004,Hele landet,Viken,Jevnaker,Jevnaker ungdomsskole,47,3.3,35,45,3,43,47,2.7,35,48,3.2,43,51,3.2,35,47,2.4,42
4,I,34,3420,975273253,Hele landet,Innlandet,Elverum,Elverum ungdomsskole,48,1.8,100,50,1.8,88,47,1.5,100,51,1.7,88,50,1.8,99,47,1.6,88
4,I,34,3421,875289942,Hele landet,Innlandet,Trysil,Trysil ungdomsskole,48,3.7,29,49,2.4,40,47,3.3,29,52,2.8,40,45,2.9,27,47,2.4,40
4,I,15,1517,975290727,Hele landet,Møre og Romsdal,Hareid,Hareid ungdomsskule,48,2.9,39,49,2.7,37,47,2.4,38,47,2.6,38,49,2.8,37,46,2.3,37
4,I,15,1506,975284328,Hele landet,Møre og Romsdal,Molde,Midsund skule,48,6,10,50,6.2,11,47,6,10,53,4.8,11,53,4.3,10,47,4.1,11
4,I,3,301,974590441,Hele landet,Oslo,Oslo,Bjøråsen skole,48,3,35,48,3.2,31,47,2.9,35,45,2.7,30,48,2.8,33,43,3.5,31
4,I,11,1160,975281124,Hele landet,Rogaland,Vindafjord,Ølen skule,48,4,17,49,3.6,13,47,3.2,17,50,4,12,50,5,17,47,4.1,12
4,I,38,3812,975289990,Hele landet,Vestfold og Telemark,Siljan,Siljan ungdomsskole,48,4.3,23,46,3.9,15,47,3.6,24,47,5.1,16,47,3.6,25,45,3.8,15
4,I,46,4601,974738449,Hele landet,Vestland,Bergen,Kjøkkelvik skole,48,2.5,45,48,4.1,20,47,2.3,45,47,3.4,21,48,2.4,44,46,4,20
4,I,46,4601,874738042,Hele landet,Vestland,Bergen,Kyrkjekrinsen skole,48,3.5,33,48,3.1,31,47,3.1,34,49,2.4,32,48,3,33,47,2.6,32
4,I,30,3023,983170943,Hele landet,Viken,Nesodden,Bakkeløkka ungdomsskole,48,3.2,29,49,3.4,32,47,2.6,29,49,2.8,33,50,3.3,29,47,2.9,33
4,I,42,4203,975282996,Hele landet,Agder,Arendal,Moltemyr skole,49,4.9,13,48,4.3,22,47,5.1,13,45,4.1,22,47,5.3,13,42,4.4,22
4,I,42,4214,974583305,Hele landet,Agder,Froland,Froland ungdomsskole,49,2.5,51,49,2.7,33,47,2.1,51,50,2.9,32,51,2.5,49,48,2.9,33
4,I,34,3411,875289632,Hele landet,Innlandet,Ringsaker,Brøttum barne- og ungdomsskole,49,3.5,21,53,2.6,27,47,3.3,21,53,2.5,27,49,3,21,48,3.2,27
4,I,34,3438,975274446,Hele landet,Innlandet,Sør-Fron,Sør-Fron ungdomsskule,49,3.8,23,48,3.7,20,47,3.5,22,50,2.7,20,49,3.4,22,43,2.6,20
4,I,15,1516,975290026,Hele landet,Møre og Romsdal,Ulstein,Ulstein ungdomsskule,49,2.9,49,51,2.8,45,47,2.6,49,52,3.1,45,51,2.8,48,48,2.5,43
4,I,15,1535,975284247,Hele landet,Møre og Romsdal,Vestnes,Tomrefjord skule,49,5.1,21,45,3.5,15,47,3.7,19,45,4.5,14,48,3.5,19,45,4.7,13
4,I,15,1507,975290182,Hele landet,Møre og Romsdal,Ålesund,Brattvåg ungdomsskule,49,3.2,27,50,3.4,19,47,3.1,27,48,3,18,49,3.1,27,47,3.8,18
4,I,3,301,974590336,Hele landet,Oslo,Oslo,Veitvet skole,49,3,34,51,2.8,34,47,2.6,34,47,3,34,48,3,34,45,3.1,34
4,I,54,5401,975292932,Hele landet,Troms og Finnmark - Romsa ja Finnmárku - Tromssa ja Finmarkku,Tromsø,Kroken skole,49,2.5,41,48,3,28,47,3.1,41,50,2.6,28,49,2.7,41,48,2.3,27
4,I,50,5057,925204730,Hele landet,Trøndelag - Trööndelage,Ørland,Botngård ungdomsskole,49,3.9,24,48,3,34,47,2.7,25,49,2.7,34,48,2.9,24,44,2.1,34
4,I,50,5058,974620847,Hele landet,Trøndelag - Trööndelage,Åfjord,Åset skole,49,6.2,13,47,5.2,11,47,4.9,12,48,5.5,10,47,3.8,12,46,5.6,10
4,I,38,3805,974584743,Hele landet,Vestfold og Telemark,Larvik,Mellomhagen ungdomsskole,49,2.9,31,51,3.7,36,47,2.7,33,52,3.2,36,49,2.4,29,49,2.7,34
4,I,46,4627,886225172,Hele landet,Vestland,Askøy,Erdal ungdomsskole,49,2.3,47,50,2.5,49,47,2.3,46,50,2.8,52,49,2.7,45,50,2.6,51
4,I,46,4627,975290255,Hele landet,Vestland,Askøy,Kleppestø ungdomsskole,49,1.8,96,51,2.1,82,47,1.7,96,50,1.9,82,53,1.9,93,49,2,79
4,I,46,4601,974738414,Hele landet,Vestland,Bergen,Ortun skole,49,2.3,62,51,2.3,62,47,2,60,51,2.4,62,50,2.2,59,47,2.1,62
4,I,30,3025,975299732,Hele landet,Viken,Asker,Sætre ungdomsskole,49,2.8,40,50,2.6,34,47,2.4,43,49,2.8,35,48,2.8,42,45,2.3,34
4,I,30,3035,975272346,Hele landet,Viken,Eidsvoll,Råholt ungdomsskole,49,1.6,99,48,1.9,73,47,1.6,100,48,1.9,76,49,1.6,102,,,
4,I,30,3037,913180208,Hele landet,Viken,Hurdal,Hurdal skole og kultursenter Avd skole,49,5.2,15,50,3.9,18,47,4.4,15,49,4,18,48,4.2,14,44,2.7,18
4,I,30,3019,975297462,Hele landet,Viken,Vestby,Vestby ungdomssskole,49,2.1,69,49,2.4,51,47,1.8,67,50,2.6,51,50,2,69,47,2.3,50
4,I,42,4202,974548801,Hele landet,Agder,Grimstad,Fevik skole,50,3.5,40,47,2.8,44,47,3,40,48,2.5,46,51,2.7,39,46,2.5,46
4,I,34,3440,974595761,Hele landet,Innlandet,Øyer,Øyer ungdomsskole,50,4.9,16,49,3.5,26,47,3.9,16,51,4,25,47,4.7,17,45,3.1,26
4,I,15,1507,974573547,Hele landet,Møre og Romsdal,Ålesund,Blindheim ungdomsskole,50,2.3,48,48,2,67,47,2.1,50,50,1.8,68,52,2.4,47,46,1.7,68
4,I,18,1804,974042606,Hele landet,Nordland,Bodø,Tverlandet skole,50,3.4,26,49,3.8,22,47,3,27,46,2.6,21,53,3.2,25,49,3.2,22
4,I,11,1135,974617285,Hele landet,Rogaland,Sauda,Sauda ungdomsskule,50,2.7,35,50,3.2,26,47,2.6,35,54,3.2,24,52,2.8,35,48,3.3,25
4,I,11,1124,975275566,Hele landet,Rogaland,Sola,Dysjaland skule,50,2.9,37,51,3.7,32,47,2.3,37,52,3.6,32,50,2.7,37,49,3.3,32
4,I,11,1103,983083269,Hele landet,Rogaland,Stavanger,Lunde skole,50,3.9,37,50,3.2,33,47,3.1,37,46,3.6,33,51,3.4,37,44,2.7,33
4,I,54,5403,874065102,Hele landet,Troms og Finnmark - Romsa ja Finnmárku - Tromssa ja Finmarkku,Alta,Alta ungdomsskole,50,2.7,58,47,2,64,47,2.5,57,51,1.9,60,50,2.3,55,46,1.7,63
4,I,54,5402,974626896,Hele landet,Troms og Finnmark - Romsa ja Finnmárku - Tromssa ja Finmarkku,Harstad - Hárstták,Hagebyen skole,50,3.3,38,51,3.4,34,47,3.2,38,52,3.5,35,48,3.1,39,48,3.5,34
4,I,54,5421,875290762,Hele landet,Troms og Finnmark - Romsa ja Finnmárku - Tromssa ja Finmarkku,Senja,Finnsnes ungdomsskole,50,2.8,54,49,2.6,51,47,2.6,56,48,3,53,48,2.7,55,47,2.7,52
4,I,50,5031,975320200,Hele landet,Trøndelag - Trööndelage,Malvik,Vikhammer ungdomsskole,50,2.7,51,49,2.5,44,47,2.1,52,52,2.7,45,53,2.6,50,49,2.6,46
4,I,50,5029,974563207,Hele landet,Trøndelag - Trööndelage,Skaun,Skaun ungdomsskole,50,2.8,54,47,2.1,64,47,2.2,56,50,2.1,66,51,2.5,56,47,1.9,64
4,I,50,5006,975290093,Hele landet,Trøndelag - Trööndelage,Steinkjer,Steinkjer ungdomsskole,50,2.5,69,47,1.7,87,47,2.3,67,48,1.7,85,50,2.4,70,46,1.8,87
4,I,38,3805,913998766,Hele landet,Vestfold og Telemark,Larvik,Mesterfjellet skole,50,3.7,25,48,4.6,18,47,3.4,25,47,4.4,18,48,3.9,25,47,2.7,18
4,I,38,3804,974594420,Hele landet,Vestfold og Telemark,Sandefjord,Varden ungdomsskole,50,2.7,39,50,2.1,59,47,2.4,39,49,2,58,50,2.4,39,46,1.9,58
4,I,46,4601,974738481,Hele landet,Vestland,Bergen,Lynghaug skole,50,2.7,60,50,2.7,47,47,2.6,59,49,3,47,48,2.9,60,47,3,47
4,I,46,4602,975290239,Hele landet,Vestland,Kinn,Florø ungdomsskule,50,2.2,85,48,2.2,68,47,2.2,81,49,2.4,69,50,2.2,84,47,2.2,70
4,I,46,4612,975290271,Hele landet,Vestland,Sveio,Sveio skule,50,3.1,36,49,2.6,40,47,2.8,38,50,2.6,41,52,2.6,38,49,3.2,41
4,I,46,4618,975281744,Hele landet,Vestland,Ullensvang,Odda ungdomsskole,50,3.9,23,50,3.1,38,47,2.9,24,50,3,38,49,3.4,24,47,2.8,38
4,I,30,3024,974552345,Hele landet,Viken,Bærum,Hauger skole,50,2.5,70,55,2.4,42,47,2.4,70,54,2.5,42,51,2.5,70,50,2,42
4,I,30,3028,975272664,Hele landet,Viken,Enebakk,Kirkebygden barne- og ungdomsskole,50,2.9,45,48,2.7,51,47,2.5,44,50,2.2,53,50,3,45,46,2.3,52
4,I,30,3028,975297500,Hele landet,Viken,Enebakk,Mjær ungdomsskole,50,2.7,41,47,2.6,50,47,2.9,42,48,2.7,51,50,2.2,40,46,2.3,50
4,I,42,4204,974598663,Hele landet,Agder,Kristiansand,Grim skole,51,1.8,84,48,2.5,64,47,1.8,86,48,2.3,64,51,2.1,85,46,2.2,64
4,I,15,1505,975277240,Hele landet,Møre og Romsdal,Kristiansund,Atlanten ungdomsskole,51,2.1,55,51,2.6,50,47,2.3,56,50,2.7,50,49,2.6,54,47,2,50
4,I,18,1837,975287408,Hele landet,Nordland,Meløy,Ørnes skole,51,5,10,52,6.6,11,47,4.5,11,55,6.4,14,52,6.2,11,47,4.2,15
4,I,11,1101,975292819,Hele landet,Rogaland,Eigersund,Husabø ungdomsskole,51,2.3,42,54,2.6,40,47,2.3,41,53,2.6,41,53,2.9,41,52,2.8,40
4,I,30,3025,974578352,Hele landet,Viken,Asker,Landøya ungdomsskole,51,2.4,59,52,2.4,47,47,2.9,59,54,2.6,46,53,2.2,62,52,2.9,46
4,I,30,3005,974544229,Hele landet,Viken,Drammen,Eknes ungdomsskole,51,2.6,53,51,2.4,47,47,2.7,53,50,3,47,53,2.5,53,47,2.7,48
4,I,34,3405,975274837,Hele landet,Innlandet,Lillehammer,Hammartun skole,52,4.1,24,54,8.3,13,47,4.6,24,51,6.2,13,48,4.8,24,46,6.2,13
4,I,18,1865,974558513,Hele landet,Nordland,Vågan,Svolvær skole,52,3.8,29,48,2.3,24,47,3.1,28,49,3.5,23,50,3.2,29,47,3.1,25
4,I,11,1120,975275736,Hele landet,Rogaland,Klepp,Klepp ungdomsskule,52,2.5,54,49,2.8,50,47,2.4,54,51,2.8,50,49,2.8,54,49,2.6,50
4,I,30,3005,983603386,Hele landet,Viken,Drammen,Gulskogen skole,52,3.2,41,47,2.6,35,47,3,41,45,2.2,35,49,3.2,41,42,2.5,37
4,I,30,3005,975289214,Hele landet,Viken,Drammen,Kjøsterud skole,52,2.5,67,51,2.9,46,47,2.3,68,48,2.5,47,51,2.7,68,46,2.3,45
4,I,3,301,913579321,Hele landet,Oslo,Oslo,Teglverket skole Barne- og ungdomsskole,53,3.3,37,51,2.8,47,47,3.5,40,49,3.1,48,50,3.7,38,47,3.4,47
4,I,11,1108,974610914,Hele landet,Rogaland,Sandnes,Høyland ungdomsskole,53,3.2,30,52,2.6,36,47,3.4,32,54,3.5,35,53,3.8,32,49,3.1,36
4,I,3,301,976939190,Hele landet,Oslo,Oslo,Lycee Francais Rene Cassin Doslo,54,4.7,22,56,3.5,24,47,5.4,17,51,3.7,21,52,4.6,18,49,3.2,22
4,I,34,3435,975274527,Hele landet,Innlandet,Vågå,Vågå ungdomsskule,55,2.9,14,52,4,16,47,4.1,14,54,4.6,17,48,4.7,14,48,4,17
4,I,34,3411,875290592,Hele landet,Innlandet,Ringsaker,Nes ungdomsskole,47,3.7,25,46,5.3,16,48,2.6,25,49,3.7,18,48,3.2,25,44,4.2,17
4,I,54,5417,974597535,Hele landet,Troms og Finnmark - Romsa ja Finnmárku - Tromssa ja Finmarkku,Salangen,Salangen kommune Salangen skole,47,4.8,16,48,7,12,48,2.9,17,49,4.7,11,49,4.9,17,44,4.3,12
4,I,30,3025,984577311,Hele landet,Viken,Asker,Vollen ungdomsskole,47,3.1,33,50,2.3,52,48,3.2,33,53,2.3,52,50,2.7,33,50,2.7,52
4,I,30,3045,975284948,Hele landet,Viken,Sigdal,Sigdal ungdomsskole,47,3.9,25,45,5.2,19,48,2.5,25,49,4.8,19,53,4,25,44,4.4,19
4,I,42,4201,975290565,Hele landet,Agder,Risør,Risør ungdomsskole,48,3.5,33,45,3.2,34,48,2.7,30,48,3.1,34,48,3.1,31,47,3.2,34
4,I,34,3446,975273911,Hele landet,Innlandet,Gran,Gran ungdomsskole,48,3,39,50,2.8,46,48,2.9,37,54,2.8,44,47,3.2,36,51,2.9,46
4,I,34,3405,975274845,Hele landet,Innlandet,Lillehammer,Åretta ungdomsskole,48,2.5,57,50,2.3,75,48,2.3,58,53,2.1,76,51,2.7,58,49,2,76
4,I,34,3411,975294773,Hele landet,Innlandet,Ringsaker,Moelv ungdomsskole,48,3.4,38,45,2.9,38,48,2.8,38,47,2.8,38,48,3.3,38,47,3.1,37
4,I,34,3442,975290638,Hele landet,Innlandet,Østre Toten,Skreia ungdomsskole,48,3.1,33,47,2.2,44,48,2.8,33,51,2.3,44,49,3,33,48,2.2,44
4,I,18,1806,874043052,Hele landet,Nordland,Narvik,Narvik ungdomsskole,48,1.9,107,50,1.9,89,48,1.6,105,49,1.9,92,51,1.6,118,46,1.8,98
4,I,11,1149,975297489,Hele landet,Rogaland,Karmøy,Vormedal ungdomsskole,48,2.3,58,49,2.2,53,48,2.4,58,51,2.5,53,49,2.8,58,47,2.1,53
4,I,50,5007,975290131,Hele landet,Trøndelag - Trööndelage,Namsos - Nåavmesjenjaelmie,Høknes ungdomsskole,48,4.4,19,50,2.8,26,48,5.3,19,52,3.7,26,50,5.5,18,48,1.8,26
4,I,38,3804,974594404,Hele landet,Vestfold og Telemark,Sandefjord,Bugården ungdomsskole,48,3.1,48,47,2.2,63,48,2.9,47,51,2.2,64,50,3.2,47,47,2.1,63
4,I,38,3803,975270998,Hele landet,Vestfold og Telemark,Tønsberg,Revetal ungdomsskole,48,2.5,63,45,3,45,48,2.4,63,48,2.4,46,49,2.5,63,45,2.7,44
4,I,30,3042,975284778,Hele landet,Viken,Hemsedal,Hemsedal barne- og ungdomsskule,48,3.5,19,50,3.8,12,48,3.7,19,52,5,12,50,4,21,50,5.3,12
4,I,30,3023,973076914,Hele landet,Viken,Nesodden,Rudolf steinerskolen stiftelsen Avd Undervisning,48,3.1,24,49,4.3,25,48,4,25,50,3.3,24,49,3.2,24,44,3,24
4,I,30,3007,975290654,Hele landet,Viken,Ringerike,Hov ungdomsskole,48,3.3,35,49,2.5,51,48,3.3,35,50,2.4,49,51,3.1,35,47,2.5,49
4,I,42,4204,974598728,Hele landet,Agder,Kristiansand,Vigvoll skole,49,3.5,41,51,3,26,48,2.8,39,52,3.5,26,47,3.3,41,46,3.2,26
4,I,34,3439,975290611,Hele landet,Innlandet,Ringebu,Ringebu ungdomsskole,49,4.9,18,53,4.2,22,48,4.7,18,56,4.1,24,50,4.1,19,49,3.2,23
4,I,34,3411,975295079,Hele landet,Innlandet,Ringsaker,Brumunddal ungdomsskole,49,2.3,59,51,2,72,48,2.2,60,52,1.9,72,49,2.2,60,46,2,72
4,I,34,3443,922758328,Hele landet,Innlandet,Vestre Toten,Vestre Toten ungdomsskole,49,2.6,73,49,2,79,48,2.2,73,49,2,78,50,2.2,72,47,1.8,79
4,I,15,1579,975283542,Hele landet,Møre og Romsdal,Hustadvika,Eide ungdomsskole,49,4,24,48,3.4,23,48,3.6,24,51,3.8,22,52,4,24,50,3.8,23
4,I,15,1507,974573520,Hele landet,Møre og Romsdal,Ålesund,Spjelkavik ungdomsskole,49,2.1,80,48,1.7,77,48,1.7,79,51,1.7,76,50,2.1,81,47,1.9,78
4,I,50,5035,975294625,Hele landet,Trøndelag - Trööndelage,Stjørdal,Stokkan ungdomsskole,49,2.2,71,47,2,73,48,2.1,70,49,2.2,73,49,1.8,70,44,1.7,73
4,I,38,3820,975320499,Hele landet,Vestfold og Telemark,Seljord,Seljord barne- og ungdomsskule Skole 1-10,49,5.3,14,46,4.8,10,48,3.3,14,48,3.5,10,47,3.7,14,43,3.9,10
4,I,46,4601,974738252,Hele landet,Vestland,Bergen,Kirkevoll skole,49,3.4,30,52,1.8,35,48,3.6,30,55,2.4,35,50,3.8,30,53,2.4,35
4,I,46,4626,975287629,Hele landet,Vestland,Øygarden,Fjell ungdomsskule,49,2,71,48,2.2,66,48,1.7,74,50,2,71,50,2,75,49,1.9,70
4,I,46,4626,978606741,Hele landet,Vestland,Øygarden,Øygarden ungdomsskule,49,3.2,34,51,4.1,21,48,3,31,52,3.4,24,51,3.3,30,49,3.1,24
4,I,42,4207,974614103,Hele landet,Agder,Flekkefjord,Flekkefjord ungdomsskole,50,2.8,58,50,2.1,62,48,2.6,59,51,2.4,64,53,2.9,62,51,2.5,63
4,I,42,4204,984181345,Hele landet,Agder,Kristiansand,Karuss skole,50,3.4,35,46,3.2,33,48,3.2,34,46,3.1,37,49,3.7,35,45,2.8,35
4,I,15,1506,975284263,Hele landet,Møre og Romsdal,Molde,Eidsvåg barne- og ungdomsskole,50,4.4,18,49,3.7,14,48,4.9,16,48,5.1,14,51,5.3,17,45,3.1,14
4,I,15,1566,975283887,Hele landet,Møre og Romsdal,Surnadal,Surnadal barne- og ungdomsskule,50,3.2,34,49,3.4,27,48,3.2,34,49,3.7,27,52,3.3,34,49,3.6,27
4,I,15,1507,974618729,Hele landet,Møre og Romsdal,Ålesund,Skodje ungdomsskule,50,3,44,50,2.5,37,48,2.6,43,50,2.7,36,51,2.4,44,47,2.7,37
4,I,18,1804,974627965,Hele landet,Nordland,Bodø,Hunstad ungdomsskole,50,2.3,75,50,2.4,64,48,1.9,73,49,2.2,61,49,2.2,75,46,1.6,60
4,I,18,1804,974627787,Hele landet,Nordland,Bodø,Rønvik skole,50,3.4,21,54,3.2,25,48,3.1,21,52,3.2,27,51,3.9,21,48,2.5,26
4,I,3,301,874589772,Hele landet,Oslo,Oslo,Holmlia skole,50,2.7,57,50,3,47,48,2.4,58,50,3.5,47,48,2.8,57,47,2.6,47
4,I,11,1120,975267679,Hele landet,Rogaland,Klepp,Bore ungdomsskule,50,2.8,34,50,3,39,48,2.5,34,51,2.8,39,52,2.5,34,47,2.2,38
4,I,11,1103,984034547,Hele landet,Rogaland,Stavanger,Tastarustå skole,50,2.6,61,51,2.5,59,48,2.5,64,53,2.7,60,50,2.5,64,49,2.6,60
4,I,11,1130,975296830,Hele landet,Rogaland,Strand,Tau ungdomsskole,50,3.3,38,47,2.9,41,48,2.8,39,49,2.6,41,48,2.7,39,46,2,41
4,I,54,5401,974566303,Hele landet,Troms og Finnmark - Romsa ja Finnmárku - Tromssa ja Finmarkku,Tromsø,Grønnåsen skole,50,3.1,44,48,2.5,47,48,3.1,45,49,2.6,47,50,3.3,45,48,2.7,47
4,I,50,5026,974554674,Hele landet,Trøndelag - Trööndelage,Holtålen,Hov skole,50,4.9,12,49,4.2,14,48,2.7,12,50,4.8,14,49,3.3,12,45,3.6,14
4,I,50,5035,975289966,Hele landet,Trøndelag - Trööndelage,Stjørdal,Halsen ungdomsskole,50,2.8,46,48,2.6,50,48,2.5,47,48,2.5,53,51,2.6,46,46,2.2,52
4,I,50,5001,975267792,Hele landet,Trøndelag - Trööndelage,Trondheim,Huseby ungdomsskole,50,3.4,43,50,2.2,64,48,2.9,47,47,2.5,66,49,3,45,44,2.2,67
4,I,50,5001,884675812,Hele landet,Trøndelag - Trööndelage,Trondheim,Nidaros idrettsungdomsskole,50,2.7,43,49,2.6,33,48,2.5,43,52,3.8,32,52,2.6,42,50,2.8,33
4,I,38,3813,925959146,Hele landet,Vestfold og Telemark,Bamble,Bamble ungdomsskole,50,2,84,48,1.7,70,48,1.9,84,50,2,69,49,1.9,83,47,2,65
4,I,38,3802,975268780,Hele landet,Vestfold og Telemark,Holmestrand,Sande ungdomsskole,50,2.1,62,50,2.6,58,48,2.1,61,53,2.4,58,51,2.1,62,51,2.3,58
4,I,38,3805,974584700,Hele landet,Vestfold og Telemark,Larvik,Hedrum ungdomsskole,50,2.2,68,47,2.6,60,48,2,67,49,2.4,60,51,2.5,68,45,2.5,59
4,I,46,4602,975271935,Hele landet,Vestland,Kinn,Eikefjord barne- og ungdomsskule,50,8,11,46,4.3,10,48,5.1,11,51,6,10,53,5.1,11,51,5.3,10
4,I,30,3004,974565560,Hele landet,Viken,Fredrikstad,Kråkerøy ungdomsskole,50,2.3,52,52,2.6,53,48,2.5,51,54,2.6,52,52,2.6,51,48,2.2,54
4,I,30,3007,975299724,Hele landet,Viken,Ringerike,Veienmarka ungdomsskole,50,3.1,46,49,2.6,45,48,2.9,44,47,2.5,45,51,2.8,46,43,2.5,46
4,I,42,4203,975283003,Hele landet,Agder,Arendal,Birkenlund skole,51,3.7,28,49,3.5,24,48,4,28,49,3.9,23,51,3.4,27,46,3.1,24
4,I,42,4203,875283022,Hele landet,Agder,Arendal,Stinta skole barne- og Ungdomstrinnet,51,4.2,27,49,2.9,43,48,2.8,28,49,3,43,49,3.3,28,44,2.7,43
4,I,42,4206,918195793,Hele landet,Agder,Farsund,Farsund ungdomsskole,51,3.4,23,50,3.3,32,48,3.3,22,51,3.1,31,53,2.2,24,50,3.1,32
4,I,15,1532,975289974,Hele landet,Møre og Romsdal,Giske,Giske ungdomsskule,51,2.6,54,49,2.5,51,48,2.5,54,51,2.7,51,50,3,54,46,2.6,51
4,I,15,1505,975277259,Hele landet,Møre og Romsdal,Kristiansund,Nordlandet ungdomsskole,51,4,36,51,3,43,48,3.6,36,50,2.7,44,52,4.4,37,48,2.7,42
4,I,15,1507,974573423,Hele landet,Møre og Romsdal,Ålesund,Ellingsøy barne- og ungdomsskole,51,3,19,51,6.7,14,48,4,19,51,3.6,14,51,3.6,20,47,2.3,13
4,I,15,1507,974573539,Hele landet,Møre og Romsdal,Ålesund,Kolvikbakken ungdomsskole,51,2.1,69,51,2.5,58,48,1.8,67,52,2.4,58,51,2.2,69,51,2.6,58
4,I,18,1804,974627884,Hele landet,Nordland,Bodø,Løpsmark skole,51,3.4,24,55,5.6,19,48,3.4,26,54,5.2,19,52,4.3,25,55,4.4,19
4,I,11,1149,975275175,Hele landet,Rogaland,Karmøy,Åkra ungdomsskole,51,2.2,69,51,2.4,55,48,2.2,69,50,2.1,56,52,2.4,67,49,2,55
4,I,11,1112,975275914,Hele landet,Rogaland,Lund,Lund ungdomsskole,51,4.7,18,47,5.7,15,48,3.5,18,48,4.7,15,51,4.4,17,46,4.4,15
4,I,50,5001,975299171,Hele landet,Trøndelag - Trööndelage,Trondheim,Flatåsen skole,51,2.6,41,49,2.9,43,48,3,42,51,2.5,40,51,3.2,39,47,2.6,41
4,I,50,5001,975298779,Hele landet,Trøndelag - Trööndelage,Trondheim,Hoeggen skole,51,2.4,62,50,2.2,73,48,2.2,66,51,2.5,69,50,2.3,64,49,2.3,69
4,I,46,4601,974737817,Hele landet,Vestland,Bergen,Blokkhaugen skole,51,2.3,43,49,2.5,45,48,2.3,43,50,2.4,45,49,2.4,42,46,2.8,41
4,I,46,4601,974738635,Hele landet,Vestland,Bergen,Olsvik skole,51,2.6,31,51,2.4,52,48,1.9,31,54,2,52,48,2.9,30,47,2.2,51
4,I,46,4601,974738600,Hele landet,Vestland,Bergen,Rå skole,51,2.4,69,50,2.1,65,48,2.2,67,52,2.2,62,51,2,66,49,2.1,67
4,I,46,4601,974737833,Hele landet,Vestland,Bergen,Sandgotna skole,51,2.2,67,49,2.6,54,48,1.9,66,47,2.2,55,51,2.5,68,44,2.1,57
4,I,46,4622,973953907,Hele landet,Vestland,Kvam,Kvam ungdomsskule,51,3.2,38,49,2.8,36,48,2.9,36,50,2.7,35,50,2.5,37,48,2.3,38
4,I,46,4614,895060062,Hele landet,Vestland,Stord,Nordbygdo ungdomsskule,51,3.1,35,47,2.9,28,48,3,35,51,3.9,28,52,3.9,35,51,2.8,28
4,I,30,3025,975285138,Hele landet,Viken,Asker,Tofte ungdomsskole,51,3.3,29,49,3.5,24,48,3.4,29,48,2.6,24,49,3.2,29,46,3.4,24
4,I,30,3004,974565439,Hele landet,Viken,Fredrikstad,Kvernhuset ungdomsskole,51,2.1,77,51,2.4,61,48,1.9,76,52,2.4,61,52,2.2,75,48,2.1,62
4,I,30,3030,913964241,Hele landet,Viken,Lillestrøm,Bråtejordet skole,51,2.9,53,53,2,62,48,2.7,50,52,2.6,63,50,3,52,51,2.2,63
4,I,30,3003,975289109,Hele landet,Viken,Sarpsborg,Grålum ungdomsskole,51,2.8,54,49,2.1,48,48,2.2,53,47,2.3,49,51,2.9,55,45,2.5,49
4,I,30,3003,975280365,Hele landet,Viken,Sarpsborg,Kruseløkka ungdomsskole,51,1.9,87,50,2,86,48,1.8,84,51,1.9,87,51,2,85,48,2.1,86
4,I,15,1528,974618605,Hele landet,Møre og Romsdal,Sykkylven,Sykkylven ungdomsskule,52,3,42,48,2.9,52,48,3.2,41,47,2.7,52,53,2.8,43,47,2.3,55
4,I,11,1108,974610906,Hele landet,Rogaland,Sandnes,Skeiane ungdomsskole,52,2.5,69,53,2,77,48,2.1,70,53,2.2,77,53,2,67,51,2,79
4,I,50,5001,983210058,Hele landet,Trøndelag - Trööndelage,Trondheim,Markaplassen skole,52,1.8,83,49,2.2,79,48,1.9,83,52,2.1,80,52,2,84,48,2.1,79
4,I,38,3816,974608642,Hele landet,Vestfold og Telemark,Nome,Holla 10-Årige skole,52,3.9,18,51,4.7,15,48,4.5,17,47,4.9,14,50,4.4,17,45,4.7,14
4,I,38,3806,975277976,Hele landet,Vestfold og Telemark,Porsgrunn,Vestsiden skole,52,3,29,49,2.8,21,48,3.4,30,48,3.6,21,49,3.1,30,44,3,21
4,I,38,3804,974594390,Hele landet,Vestfold og Telemark,Sandefjord,Breidablikk ungdomsskole,52,2.3,79,52,2.5,69,48,2.3,80,52,2.6,69,51,2.5,80,48,2.4,69
4,I,38,3803,975271242,Hele landet,Vestfold og Telemark,Tønsberg,Kongseik ungdomsskole,52,2.2,35,49,2.1,60,48,2.8,35,50,1.9,60,50,2.6,34,46,1.4,60
4,I,46,4601,980155307,Hele landet,Vestland,Bergen,Breimyra skole,52,2.4,40,50,3.2,37,48,2.8,40,48,3.4,36,51,2.6,40,47,2.9,36
4,I,46,4615,975281361,Hele landet,Vestland,Fitjar,Rimbareid barne- og ungdomsskule,52,5.2,14,49,3.7,22,48,5.6,14,51,4.6,22,50,4.9,14,48,4.3,22
4,I,30,3025,973746952,Hele landet,Viken,Asker,Røyken ungdomsskole,52,3.1,33,51,3,40,48,3.3,32,52,2.8,39,54,2.4,34,51,2.1,39
4,I,30,3030,994736000,Hele landet,Viken,Lillestrøm,Kjeller skole,52,5.7,22,52,3.4,26,48,4.9,22,51,3.7,27,,,,,,
4,I,30,3030,974555778,Hele landet,Viken,Lillestrøm,Stav skole,52,2.2,65,48,2.1,59,48,2.2,66,47,2.5,54,52,2.3,65,45,2.3,57
4,I,30,3002,979170238,Hele landet,Viken,Moss,Verket skole,52,2.7,39,48,3,37,48,3.1,39,47,2.8,37,53,3,39,46,2.9,37
4,I,30,3007,975284646,Hele landet,Viken,Ringerike,Tyristrand skole,52,5.2,12,53,6.2,11,48,3.5,12,58,4.8,11,50,3.2,12,55,6,11
4,I,18,1804,974627930,Hele landet,Nordland,Bodø,Saltvern skole,53,3.1,28,52,2.1,46,48,3.1,28,51,2.2,46,51,3.3,29,48,2,46
4,I,3,301,996377210,Hele landet,Oslo,Oslo,Frydenberg skole,53,2.6,66,57,2,76,48,3.1,64,55,2.5,74,53,3.2,64,52,2.4,74
4,I,11,1106,975290034,Hele landet,Rogaland,Haugesund,Haraldsvang skole,53,1.8,97,50,2.2,79,48,1.9,97,49,2,78,52,2,98,47,1.9,79
4,I,46,4601,979276028,Hele landet,Vestland,Bergen,Skranevatnet skole,53,2.3,54,51,1.9,56,48,2.4,55,52,2.5,55,53,2.3,56,51,2.3,57
4,I,30,3005,975296733,Hele landet,Viken,Drammen,Galterud ungdomsskole,53,2.4,76,50,2.2,74,48,2,78,50,2.3,75,51,2.1,80,47,2.1,75
4,I,30,3029,975272648,Hele landet,Viken,Lørenskog,Fjellsrud skole,53,2.7,57,51,2.5,52,48,2.6,58,51,2.6,52,52,2.5,57,47,2.4,52
4,I,15,1554,975292878,Hele landet,Møre og Romsdal,Averøy,Averøy ungdomsskole,54,2.4,30,50,2.7,32,48,3.3,30,51,2.9,32,53,3.1,30,49,2.8,32
4,I,11,1103,974611635,Hele landet,Rogaland,Stavanger,St. Svithun skole,54,2.5,65,55,2.5,65,48,2.7,69,52,2.7,67,50,2.9,69,49,2.7,65
4,I,30,3054,975273954,Hele landet,Viken,Lunner,Harestua skole,54,3.4,21,53,4.6,23,48,2.9,20,54,3.3,24,53,3.6,21,52,3.4,24
4,I,46,4647,975289737,Hele landet,Vestland,Sunnfjord,Sande skule,45,3.9,20,47,5.2,14,49,2.5,20,49,4.3,14,53,2.8,20,46,5,13
4,I,30,3013,974602083,Hele landet,Viken,Marker,Marker skole,46,4,24,46,4.2,22,49,4.2,23,51,3.7,22,49,3.7,22,46,4.1,22
4,I,34,3417,975273091,Hele landet,Innlandet,Grue,Grue barne- og ungdomsskole,47,5.2,19,50,4,18,49,4.4,17,51,4.2,18,48,4.6,18,52,3.3,18
4,I,38,3816,974608650,Hele landet,Vestfold og Telemark,Nome,Lunde 10-Årige skole,47,4.9,14,52,4.4,15,49,6,14,55,3.4,15,50,4.9,14,53,4.6,15
4,I,30,3054,875273922,Hele landet,Viken,Lunner,Lunner ungdomsskole,47,3.2,32,52,2.7,29,49,3.2,32,53,3.2,29,50,3.4,33,51,3.8,29
4,I,42,4204,874598852,Hele landet,Agder,Kristiansand,Haumyrheia skole,48,2.7,49,50,2.1,57,49,2.6,49,50,2.2,56,52,3,48,47,2.4,55
4,I,15,1539,974747952,Hele landet,Møre og Romsdal,Rauma,Åndalsnes ungdomsskole,48,3.1,30,51,3.2,29,49,2.9,30,54,3.8,29,53,3,30,53,3.5,29
4,I,11,1111,995865459,Hele landet,Rogaland,Sokndal,Sokndal skole,48,4.8,23,48,4.3,22,49,3.7,22,53,3.7,21,50,4.3,23,49,3.3,22
4,I,50,5032,975289494,Hele landet,Trøndelag - Trööndelage,Selbu,Selbu ungdomsskole,48,3.5,19,51,4.4,23,49,3.6,19,52,3.4,24,51,4.3,19,51,3,23
4,I,30,3047,975290328,Hele landet,Viken,Modum,Søndre Modum ungdomsskole,48,2.6,41,51,3.2,34,49,2.6,42,51,2.8,34,50,2.4,42,49,2.4,35
4,I,42,4204,975271560,Hele landet,Agder,Kristiansand,Songdalen skole,49,3.8,27,50,3.8,35,49,3.5,24,49,3.4,36,50,3.6,27,47,2.7,35
4,I,34,3411,975270556,Hele landet,Innlandet,Ringsaker,Furnes ungdomsskole,49,2.2,63,50,2.2,58,49,2,62,53,2.3,58,52,2.5,62,48,2.1,60
4,I,50,5054,975282481,Hele landet,Trøndelag - Trööndelage,Indre Fosen,Åsly skole,49,4.1,21,50,3.5,21,49,3.9,20,53,5.3,20,50,4.8,23,50,4.1,21
4,I,50,5037,913433483,Hele landet,Trøndelag - Trööndelage,Levanger,Levanger ungdomsskole,49,1.9,78,50,2.2,72,49,2,80,51,2.1,73,50,2.1,79,48,1.8,72
4,I,50,5007,975289818,Hele landet,Trøndelag - Trööndelage,Namsos - Nåavmesjenjaelmie,Namdalseid skole,49,4.8,11,49,7,11,49,3.4,11,49,5.6,12,50,3.7,11,49,4.7,11
4,I,50,5059,911572907,Hele landet,Trøndelag - Trööndelage,Orkland,Meldal barne- og ungdomsskole,49,7.1,15,50,5.8,11,49,6,16,52,3.9,10,52,5.4,16,46,2.9,11
4,I,38,3811,874607592,Hele landet,Vestfold og Telemark,Færder,Tjøme ungdomsskole,49,5,17,51,3.8,21,49,4.8,17,52,4.1,21,49,4.4,17,46,3.8,21
4,I,38,3801,974605759,Hele landet,Vestfold og Telemark,Horten,Borre ungdomsskole,49,2.7,55,45,2.7,46,49,2.4,55,45,2.5,46,51,2.4,54,44,2.1,46
4,I,30,3030,975272729,Hele landet,Viken,Lillestrøm,Bingsfoss ungdomsskole,49,2.3,75,50,2.1,67,49,2.1,75,50,2.1,67,49,2.2,72,44,2,65
4,I,30,3047,975290336,Hele landet,Viken,Modum,Nordre Modum ungdomsskole,49,3.1,38,47,2.8,36,49,2.8,39,49,2.8,37,51,2.6,38,47,2.7,37
4,I,42,4204,985713480,Hele landet,Agder,Kristiansand,Lindebøskauen skole,50,3.5,32,46,2.9,29,49,4.2,34,49,2.5,30,54,3.4,35,50,3.4,28
4,I,34,3403,975270815,Hele landet,Innlandet,Hamar,Ener ungdomsskole,50,3,59,51,2.9,42,49,2.3,58,52,2.7,43,50,2.5,59,49,3.1,43
4,I,15,1506,973994603,Hele landet,Møre og Romsdal,Molde,Bekkevoll ungdomsskole,50,2.5,63,53,2.3,65,49,2.4,64,53,2.4,65,51,2.7,65,50,2.2,65
4,I,18,1804,974627906,Hele landet,Nordland,Bodø,Alstad ungdomsskole,50,2.8,45,49,2.6,47,49,2.5,48,51,2.5,49,52,2.6,48,49,2.4,49
4,I,11,1124,875275542,Hele landet,Rogaland,Sola,Sola ungdomsskole,50,2.5,57,52,2.9,49,49,2.5,56,52,2.7,50,50,2.6,56,49,2.4,50
4,I,50,5031,975282880,Hele landet,Trøndelag - Trööndelage,Malvik,Hommelvik ungdomsskole,50,2.4,57,49,2.9,46,49,2.4,57,51,2.8,45,51,2.1,55,48,2.5,45
4,I,38,3807,975278018,Hele landet,Vestfold og Telemark,Skien,Mæla ungdomsskole,50,3.2,40,49,3.1,36,49,2.8,45,50,2.5,38,52,3.3,43,46,3.2,37
4,I,38,3803,975271145,Hele landet,Vestfold og Telemark,Tønsberg,Presterød ungdomsskole,50,2.2,76,50,1.7,80,49,2,74,51,1.8,81,48,2.3,70,44,1.8,81
4,I,46,4631,975297438,Hele landet,Vestland,Alver,Knarvik ungdomsskule,50,2.6,49,48,2.6,55,49,2.5,49,49,2.3,55,52,2.3,49,46,2.3,54
4,I,46,4601,974737906,Hele landet,Vestland,Bergen,Ny Krohnborg skole,50,3.9,23,51,3.5,20,49,3.2,23,49,3.6,20,45,3.6,23,42,3.1,20
4,I,30,3036,975272206,Hele landet,Viken,Nannestad,Nannestad ungdomsskole,50,1.9,87,49,1.8,105,49,1.7,87,48,1.6,107,50,1.8,87,46,1.8,107
4,I,30,3027,974586517,Hele landet,Viken,Rælingen,Marikollen ungdomsskole,50,2,71,48,2.1,78,49,1.9,72,50,2,78,52,1.8,72,48,1.9,76
4,I,42,4203,975280888,Hele landet,Agder,Arendal,Asdal skole,51,3.8,27,47,3.3,34,49,2.7,27,50,2.8,34,50,3.8,27,46,2.5,34
4,I,34,3420,874586722,Hele landet,Innlandet,Elverum,Hanstad barne- og ungdomsskole,51,2.9,31,51,3,12,49,2.4,29,55,4,12,51,3.1,30,48,4.9,12
4,I,15,1557,975283607,Hele landet,Møre og Romsdal,Gjemnes,Batnfjord skule,51,3.6,18,46,3.9,13,49,4,18,48,3.3,13,52,3.8,19,48,4.7,12
4,I,18,1832,975286959,Hele landet,Nordland,Hemnes,Hemnes sentralskole,51,3.4,14,,,,49,2.8,14,,,,52,2.8,14,,,
4,I,3,301,982254701,Hele landet,Oslo,Oslo,Apalløkka skole,51,2.2,71,52,2.1,76,49,2.3,71,53,2.4,76,50,2.2,72,49,2.3,76
4,I,3,301,995821664,Hele landet,Oslo,Oslo,Fyrstikkalleen skole,51,2.3,69,51,2.8,46,49,2.4,70,52,3.1,46,53,2.3,71,49,2.8,46
4,I,54,5402,974626861,Hele landet,Troms og Finnmark - Romsa ja Finnmárku - Tromssa ja Finmarkku,Harstad - Hárstták,Seljestad ungdomsskole,51,1.9,58,50,2.3,56,49,1.9,57,51,2,57,54,2.4,58,50,2,56
4,I,50,5001,975278921,Hele landet,Trøndelag - Trööndelage,Trondheim,Lade skole,51,3.3,28,50,3.4,17,49,2.8,27,50,3.5,18,51,3.7,26,45,3.2,18
4,I,38,3815,994480227,Hele landet,Vestfold og Telemark,Drangedal,Drangedal 10-Årige skole,51,4.4,17,51,4.2,18,49,3.7,18,55,3.9,18,50,3.3,17,50,3.6,18
4,I,38,3804,975271064,Hele landet,Vestfold og Telemark,Sandefjord,Stokke ungdomsskole,51,2.4,58,49,2.7,48,49,2.2,58,51,2.7,48,51,2,59,45,2.5,48
4,I,46,4624,813822172,Hele landet,Vestland,Bjørnafjorden,Nore Neset ungdomsskule,51,2,93,49,1.8,76,49,2,93,49,1.8,76,53,2.1,93,48,1.6,76
4,I,46,4647,975290204,Hele landet,Vestland,Sunnfjord,Førde ungdomsskule,51,2.8,54,51,2.4,42,49,2.7,53,51,2.6,42,52,3,53,50,2.5,43
4,I,30,3005,974544202,Hele landet,Viken,Drammen,Veiavangen ungdomsskole,51,2.3,75,47,2.6,60,49,2.2,76,48,2.3,60,51,2.3,76,44,2.5,60
4,I,30,3011,926600974,Hele landet,Viken,Hvaler,Hvaler barne- og ungdomsskole,51,3.1,21,49,3.4,32,49,2.7,21,51,3.7,32,50,3.2,20,45,3,32
4,I,30,3049,974545985,Hele landet,Viken,Lier,Tranby skole,51,2.7,55,53,2.2,49,49,2.4,55,54,2.1,50,53,2.8,54,50,2.4,50
4,I,30,3030,974555794,Hele landet,Viken,Lillestrøm,Kjellervolla skole,51,1.6,83,53,2,74,49,1.6,83,52,2,74,51,1.8,85,48,1.9,74
4,I,30,3029,975290557,Hele landet,Viken,Lørenskog,Løkenåsen skole,51,2.2,50,49,2.7,36,49,2.5,51,49,2.7,37,53,3.2,49,49,2.7,37
4,I,30,3031,975290816,Hele landet,Viken,Nittedal,Li skole,51,2,82,50,1.8,88,49,1.9,82,52,2,87,51,2.1,82,48,2,86
4,I,3,301,974590530,Hele landet,Oslo,Oslo,Ellingsrud skole,52,3.2,41,49,3.6,29,49,3.2,42,54,3.8,30,51,3.3,42,50,3.7,30
4,I,3,301,979126743,Hele landet,Oslo,Oslo,Karlsrud skole,52,4.8,19,52,3,31,49,5.1,19,55,3.5,31,51,4.4,19,52,3.5,31
4,I,54,5401,974566540,Hele landet,Troms og Finnmark - Romsa ja Finnmárku - Tromssa ja Finmarkku,Tromsø,Tromstun skole,52,2,74,48,1.9,70,49,1.9,77,50,2,77,52,1.9,76,49,1.9,78
4,I,50,5001,975298736,Hele landet,Trøndelag - Trööndelage,Trondheim,Tonstad skole,52,3.9,27,53,4.9,19,49,4,26,54,5.8,19,50,3.6,26,50,5.1,19
4,I,46,4601,974738597,Hele landet,Vestland,Bergen,Ytrebygda skole,52,2.1,62,48,2.2,62,49,2,62,52,2.3,63,52,2.2,63,49,2.5,63
4,I,30,3004,974565412,Hele landet,Viken,Fredrikstad,Gudeberg barne- og ungdomsskole,52,4.6,21,51,3.9,22,49,4.7,21,49,3.3,23,49,4.1,21,47,3.6,21
4,I,30,3031,975299406,Hele landet,Viken,Nittedal,Hakadal ungdomsskole,52,2.6,50,49,2.3,47,49,3,52,52,2.4,47,52,3,51,47,2.3,47
4,I,30,3048,875290312,Hele landet,Viken,Øvre Eiker,Hokksund ungdomsskole,52,2.1,64,50,2.3,69,49,1.9,64,50,2.3,71,53,1.8,65,48,2.3,72
4,I,18,1804,974627914,Hele landet,Nordland,Bodø,Bankgata ungdomsskole,53,2.9,31,49,2.2,35,49,3.5,32,49,2.9,32,52,3.2,31,45,2.5,33
4,I,11,1160,974618133,Hele landet,Rogaland,Vindafjord,Skjold skule,53,4,26,47,3.5,21,49,3.1,27,52,3.8,22,52,3.8,27,51,3.5,22
4,I,38,3805,985090254,Hele landet,Vestfold og Telemark,Larvik,Ra ungdomsskole,53,2.2,67,52,2.2,59,49,2.2,67,53,2.6,59,52,2.4,67,51,2.6,59
4,I,30,3025,973746960,Hele landet,Viken,Asker,Spikkestad ungdomsskole,53,2.9,44,52,2.5,53,49,2.8,43,51,2.6,51,51,2.9,44,48,2.3,49
4,I,30,3005,974544210,Hele landet,Viken,Drammen,Killingrud ungdomsskole,53,3.6,40,47,2.6,41,49,3.5,40,50,2.7,41,52,3.9,41,47,2.7,41
4,I,30,3004,974565617,Hele landet,Viken,Fredrikstad,Gressvik ungdomsskole,53,2.9,49,49,2.4,66,49,2.4,50,50,2.3,66,53,3,51,46,1.9,66
4,I,30,3030,975289133,Hele landet,Viken,Lillestrøm,Østersund ungdomsskole,53,2.2,78,50,2.4,66,49,2,79,51,2.1,66,53,2.2,80,48,2.3,66
4,I,30,3033,912493881,Hele landet,Viken,Ullensaker,Hoppensprett Akademiet AS Avd ungdomsskole,53,3.5,24,48,3.5,22,49,3.4,23,49,3.4,20,56,4.3,23,46,2.8,21
4,I,11,1108,974610892,Hele landet,Rogaland,Sandnes,Giske ungdomsskole,54,2.4,81,52,2.2,70,49,2.2,79,50,2.2,69,53,2.8,79,49,2.4,70
4,I,30,3050,975285162,Hele landet,Viken,Flesberg,Flesberg skole,44,7,10,48,4,13,50,3.6,11,54,4.8,13,51,3.6,11,47,3.5,13
4,I,34,3429,975273490,Hele landet,Innlandet,Folldal,Folldal skole,46,6.3,10,45,3.6,15,50,5.3,10,52,4.4,15,47,5.2,10,48,3.7,15
4,I,11,1134,974617064,Hele landet,Rogaland,Suldal,Sand skule Avd skule,48,2.8,27,47,3.1,27,50,2.6,27,53,2.8,27,53,3,27,50,3.7,26
4,I,46,4601,922148872,Hele landet,Vestland,Bergen,Norges Toppidrettsgymnas ungdomsskole Bergen AS,48,3,26,53,2.7,16,50,3.5,26,58,2.7,16,54,2.9,26,54,3.3,16
4,I,11,1119,988968498,Hele landet,Rogaland,Hå,Tryggheim ungdomsskule,49,2.7,43,50,2.8,49,50,2.8,43,53,2.9,49,51,3.2,43,51,3,49
4,I,50,5034,974542498,Hele landet,Trøndelag - Trööndelage,Meråker,Meråker skole,49,4,11,46,4,14,50,2.8,10,48,3.8,14,47,8.2,11,46,5.2,14
4,I,46,4626,982067405,Hele landet,Vestland,Øygarden,Danielsen barne- og ungdomsskule Sotra,49,2.6,37,49,2.9,47,50,2.7,36,52,2.6,49,52,3,38,48,2.6,50
4,I,30,3003,975280489,Hele landet,Viken,Sarpsborg,Varteig barne- og ungdomsskole,49,3.6,28,52,3.2,36,50,2.8,28,55,3.1,35,50,3.4,28,54,3.3,35
4,I,42,4203,982944694,Hele landet,Agder,Arendal,Hisøy skole 1-10 Skoler,50,3.5,34,49,4.1,21,50,3.2,34,53,3.5,21,53,3.6,32,53,4.7,18
4,I,42,4203,875280902,Hele landet,Agder,Arendal,Roligheden skole Barne-/Ungdomstrinnet,50,3,46,50,2.7,40,50,2.2,44,51,2.2,41,51,2.4,43,47,2.7,40
4,I,38,3825,975278824,Hele landet,Vestfold og Telemark,Vinje,Rauland skule Avd skule,50,5.7,11,51,5.5,15,50,4.7,10,51,4.4,16,48,3.6,11,51,4.8,17
4,I,46,4627,975299791,Hele landet,Vestland,Askøy,Ravnanger ungdomsskole,50,3.2,36,47,2.3,53,50,2.6,38,49,1.9,56,52,2.9,38,44,1.9,55
4,I,46,4601,974738031,Hele landet,Vestland,Bergen,Mjølkeråen skole,50,2.4,56,50,2.8,48,50,2.2,55,50,2.5,48,52,2.3,56,47,2.2,48
4,I,46,4640,975289710,Hele landet,Vestland,Sogndal,Kvåle skule,50,3.4,37,51,2.8,30,50,2.9,37,51,3.1,30,53,3.2,36,51,2.4,31
4,I,30,3040,974606542,Hele landet,Viken,Nesbyen,Nesbyen ungdomsskole,50,5.1,16,50,3.3,26,50,5.5,16,51,3.1,26,51,5.3,16,51,4.1,25
4,I,30,3033,975272516,Hele landet,Viken,Ullensaker,Nordby ungdomsskole,50,2.7,60,48,2.4,41,50,2.4,58,48,3,41,51,2.1,59,45,3,40
4,I,30,3043,975284875,Hele landet,Viken,Ål,Ål ungdomsskule,50,3.6,29,48,3.2,25,50,3.7,29,54,3.7,25,52,4,30,51,2.7,26
4,I,42,4204,988110833,Hele landet,Agder,Kristiansand,Havlimyra skole,51,2.1,84,47,2.4,60,50,2.3,83,50,2.7,60,53,2.4,85,49,2.3,60
4,I,42,4205,974615738,Hele landet,Agder,Lindesnes,Blomdalen ungdomsskole,51,2.7,43,49,2.1,52,50,2.4,43,51,2.2,53,54,2.8,43,52,2.2,52
4,I,34,3403,875270532,Hele landet,Innlandet,Hamar,Ajer ungdomsskole,51,2.2,62,51,2.9,52,50,2.5,62,54,2.6,52,52,2.3,61,50,2.5,52
4,I,34,3405,975289206,Hele landet,Innlandet,Lillehammer,Smestad ungdomsskole,51,2.1,65,52,2.3,54,50,2.3,63,54,2.6,54,52,2,65,48,2.6,54
4,I,15,1577,975289761,Hele landet,Møre og Romsdal,Volda,Volda ungdomsskule,51,2.7,50,,,,50,2.9,50,,,,53,2.4,51,45,2.3,49
4,I,11,1108,974610809,Hele landet,Rogaland,Sandnes,Figgjo skole,51,4,13,50,4.1,16,50,4.7,13,52,3.6,16,50,3.2,13,50,4.6,14
4,I,11,1108,974610922,Hele landet,Rogaland,Sandnes,Øygard ungdomsskole,51,2.1,77,50,3,53,50,2.1,76,52,2.3,53,52,2.2,75,47,2.3,53
4,I,50,5001,975279065,Hele landet,Trøndelag - Trööndelage,Trondheim,Sverresborg skole,51,2,87,53,2.1,76,50,2,85,54,2.3,75,52,2.2,84,49,2.1,77
4,I,38,3817,912076512,Hele landet,Vestfold og Telemark,Midt-Telemark,Gvarv skole,51,4,24,46,5.1,16,50,3.9,23,47,4.8,16,49,3.4,23,42,3.3,16
4,I,38,3806,975277992,Hele landet,Vestfold og Telemark,Porsgrunn,Kjølnes ungdomsskole,51,2.7,52,50,2.3,59,50,2.8,50,51,2.9,58,51,2.2,53,48,2.8,59
4,I,46,4624,975281981,Hele landet,Vestland,Bjørnafjorden,Fusa ungdomsskule,51,5.1,25,47,3.7,25,50,3.8,26,47,3.7,27,54,4.1,26,47,3.2,25
4,I,46,4647,975294749,Hele landet,Vestland,Sunnfjord,Halbrend skule,51,4.2,32,52,2.9,45,50,3.7,31,55,2.8,45,53,3.9,33,52,2.5,45
4,I,30,3024,974552361,Hele landet,Viken,Bærum,Ramstad skole,51,1.8,92,52,1.8,96,50,1.7,93,55,1.9,97,52,1.6,91,52,1.8,95
4,I,30,3049,974546043,Hele landet,Viken,Lier,Lierbyen skole,51,3,44,47,2.6,40,50,2.7,43,48,2.4,40,52,2.6,43,45,2.5,39
4,I,30,3030,916871422,Hele landet,Viken,Lillestrøm,Frogner skole,51,2.3,54,48,1.8,74,50,2.2,54,49,2.2,73,52,2.4,54,47,2.4,74
4,I,30,3002,975295958,Hele landet,Viken,Moss,Nøkkeland skole,51,3.6,30,50,3.8,30,50,3.2,30,52,3.5,32,51,2.9,30,50,3.8,32
4,I,30,3020,974593564,Hele landet,Viken,Nordre Follo,Ski ungdomsskole,51,1.8,97,51,1.8,99,50,1.8,97,53,1.9,102,53,1.7,97,49,1.7,97
4,I,42,4204,974598752,Hele landet,Agder,Kristiansand,Oddemarka skole,52,2.1,74,49,2.2,72,50,1.9,75,52,2.3,73,52,2.1,74,48,2,73
4,I,42,4204,874598682,Hele landet,Agder,Kristiansand,Torridal skole,52,4.1,28,47,3.5,23,50,3.4,30,48,4.4,23,50,4.1,31,45,3.2,24
4,I,15,1507,975290190,Hele landet,Møre og Romsdal,Ålesund,Vatne ungdomsskule,52,4.8,18,47,3.4,23,50,4.1,18,49,3.9,22,53,5.5,18,47,3.4,21
4,I,3,301,974589648,Hele landet,Oslo,Oslo,Abildsø skole,52,3.5,31,55,3.3,24,50,2.6,32,57,3.2,24,51,3.5,32,52,2.4,24
4,I,3,301,979126352,Hele landet,Oslo,Oslo,Skullerud skole,52,2.4,59,51,3.3,43,50,2.6,60,54,3.7,45,51,2.9,58,49,3.2,45
4,I,11,1122,975275639,Hele landet,Rogaland,Gjesdal,Gjesdal ungdomsskole,52,1.8,70,51,1.8,69,50,1.7,67,50,1.9,70,53,2,70,49,1.9,68
4,I,11,1103,974611627,Hele landet,Rogaland,Stavanger,Revheim skole,52,2.6,55,49,2.8,50,50,2.4,56,50,2.5,50,53,2.3,55,49,2.7,50
4,I,54,5401,974566362,Hele landet,Troms og Finnmark - Romsa ja Finnmárku - Tromssa ja Finmarkku,Tromsø,Kvaløysletta skole,52,2.7,53,50,2.7,64,50,2.6,52,51,2.2,65,52,2.4,54,46,2.1,66
4,I,50,5001,875279092,Hele landet,Trøndelag - Trööndelage,Trondheim,Rosenborg skole,52,2,82,54,2.1,68,50,2,81,54,2.2,73,53,1.8,81,48,2,72
4,I,50,5001,875295942,Hele landet,Trøndelag - Trööndelage,Trondheim,Selsbakk skole,52,2.3,64,50,2.6,48,50,2.1,64,52,2.8,49,55,2.6,62,48,2.4,48
4,I,38,3807,975278190,Hele landet,Vestfold og Telemark,Skien,Gjerpen ungdomsskole,52,2.7,50,47,3.2,40,50,2.4,50,51,2.8,40,52,2.8,50,46,3.2,40
4,I,38,3807,975298566,Hele landet,Vestfold og Telemark,Skien,Gulset ungdomsskole,52,3.1,49,51,3.1,40,50,3.3,49,51,3.4,40,50,2.9,51,47,3.6,40
4,I,38,3803,995354071,Hele landet,Vestfold og Telemark,Tønsberg,Wang Tønsberg AS,52,2.4,38,49,2.7,25,50,2.5,39,55,3.4,24,57,2.3,39,53,3.3,25
4,I,46,4624,975282104,Hele landet,Vestland,Bjørnafjorden,Os ungdomsskule,52,1.7,77,51,1.9,89,50,2,77,52,1.6,89,54,2.3,77,50,1.8,89
4,I,46,4614,974563436,Hele landet,Vestland,Stord,Nysæter ungdomsskule,52,3.8,30,51,3.3,27,50,3.2,29,51,3.7,28,47,3.5,30,44,3,28
4,I,30,3026,974583712,Hele landet,Viken,Aurskog-Høland,Aursmoen skole,52,3,30,49,3.2,33,50,3.2,31,51,3,33,51,3.3,31,48,2.6,34
4,I,30,3029,875272632,Hele landet,Viken,Lørenskog,Kjenn skole,52,2,90,52,2.1,74,50,1.9,89,51,2,75,53,2.1,88,49,2.3,75
4,I,3,301,974589680,Hele landet,Oslo,Oslo,Bjølsen skole,53,2.9,48,54,2.5,43,50,2.9,48,55,2.7,44,52,2.9,49,51,2.6,44
4,I,3,301,914415942,Hele landet,Oslo,Oslo,Humanistskolen,53,3.7,33,57,3.4,32,50,3.5,33,58,3.4,32,54,3,33,54,3.6,33
4,I,11,1108,923614648,Hele landet,Rogaland,Sandnes,Bogafjell ungdomsskole,53,2.4,71,53,2,59,50,2.4,71,53,2.3,60,54,2.4,71,50,2.3,59
4,I,11,1108,980030253,Hele landet,Rogaland,Sandnes,Lurahammaren ungdomsskole,53,2.7,47,50,3.5,28,50,2.4,46,52,3.7,28,53,3.1,47,46,3.7,28
4,I,38,3806,875278002,Hele landet,Vestfold og Telemark,Porsgrunn,Heistadskolene Avd Ungdom,53,2.4,55,51,2.1,64,50,2.2,58,52,2.1,64,51,2.7,58,48,2.4,64
4,I,30,3024,974552337,Hele landet,Viken,Bærum,Gjettum skole,53,2.9,43,51,2.3,55,50,3.1,42,53,2.5,52,50,3.1,44,49,2.6,57
4,I,3,301,974590565,Hele landet,Oslo,Oslo,Hauketo skole,54,2.8,45,49,2.3,61,50,2.6,49,51,2.5,63,54,2.7,50,50,2.5,63
4,I,3,301,880954342,Hele landet,Oslo,Oslo,Jordal skole,54,1.9,108,55,2.6,58,50,1.8,113,52,3,59,50,2,114,48,2.6,59
4,I,3,301,974589990,Hele landet,Oslo,Oslo,Majorstuen skole,54,2.5,53,54,2,74,50,2.7,55,55,2.4,75,53,3,51,52,2.3,76
4,I,11,1120,975297446,Hele landet,Rogaland,Klepp,Orstad skule,54,3.4,11,49,4.8,15,50,5.4,10,55,4.8,15,51,5.2,11,54,4.1,15
4,I,11,1103,974611651,Hele landet,Rogaland,Stavanger,Kristianslyst skole,54,2.3,58,52,1.8,80,50,2.7,58,53,2,80,54,2.8,58,51,1.7,80
4,I,46,4601,974738457,Hele landet,Vestland,Bergen,Slåtthaug skole,54,2.4,81,49,2,64,50,2.1,80,49,2.4,65,53,2,82,48,1.9,63
4,I,46,4601,974738619,Hele landet,Vestland,Bergen,Storetveit skole,54,2.6,68,53,2.5,67,50,2.4,66,50,2.5,68,54,3,68,50,2.4,68
4,I,46,4623,975282082,Hele landet,Vestland,Samnanger,Samnanger ungdomsskule,54,4.6,15,47,5.7,16,50,3.9,15,52,3.3,16,55,4.6,14,50,4.4,16
4,I,30,3023,975289605,Hele landet,Viken,Nesodden,Alværn ungdomsskole,54,2.5,39,53,2.4,48,50,3,40,53,2.6,48,54,2.8,40,49,2.4,48
4,I,11,1103,974611619,Hele landet,Rogaland,Stavanger,Tastaveden skole,55,2.6,56,54,2.8,51,50,2.9,56,56,2.9,51,54,3.1,56,52,2.8,51
4,I,11,1103,974611481,Hele landet,Rogaland,Stavanger,Ullandhaug skole,55,2.6,47,51,2.3,54,50,2.6,47,50,2.6,54,54,3,47,47,2.2,54
4,I,54,5416,875285602,Hele landet,Troms og Finnmark - Romsa ja Finnmárku - Tromssa ja Finmarkku,Bardu,Bardu ungdomsskole,55,4,19,46,5,21,50,4.6,20,51,3,23,52,5.1,20,47,3.2,22
4,I,34,3401,915254845,Hele landet,Innlandet,Kongsvinger,Norges Toppidrettsgymnas ungdomsskole Kongsvinger AS,46,2.9,17,52,4.8,15,51,2.9,16,60,4.5,14,52,4,17,55,4.5,13
4,I,42,4215,974612631,Hele landet,Agder,Lillesand,Høvåg skole,48,5.6,16,47,3.3,15,51,4.5,15,49,3.4,15,55,5.1,15,47,3.7,14
4,I,46,4647,975276600,Hele landet,Vestland,Sunnfjord,Naustdal skule,48,4,18,47,6,11,51,2.9,17,52,6,10,51,4.4,17,46,5.8,11
4,I,3,301,974117096,Hele landet,Oslo,Oslo,Rudolf steinerskolen i Oslo,49,5.7,20,49,4.7,21,51,3.7,19,52,4.5,20,45,3.6,21,44,2.1,22
4,I,54,5436,975290441,Hele landet,Troms og Finnmark - Romsa ja Finnmárku - Tromssa ja Finmarkku,Porsanger - Porsángu - Porsanki,Lakselv ungdomsskole,49,7.1,11,50,4.8,16,51,4.4,10,47,3.7,17,53,4.6,10,45,4.1,16
4,I,50,5056,974560372,Hele landet,Trøndelag - Trööndelage,Hitra,Fillan skole,49,3.6,26,48,4,19,51,4,24,48,3.4,20,51,4.3,25,45,3.1,19
4,I,42,4204,974598809,Hele landet,Agder,Kristiansand,Ve skole,50,4.9,11,47,4.2,19,51,3.5,11,50,3.5,19,52,3.4,11,47,3.7,19
4,I,34,3451,974596709,Hele landet,Innlandet,Nord-Aurdal,Nord-Aurdal ungdomsskole,50,2.9,37,46,2.7,28,51,3,37,51,2.6,28,55,2.7,37,48,2.7,28
4,I,11,1121,925977373,Hele landet,Rogaland,Time,Vardheia ungomsskule,50,2.9,55,51,2.4,62,51,2.7,51,54,2.5,62,52,2.7,54,51,2.2,62
4,I,38,3806,922093474,Hele landet,Vestfold og Telemark,Porsgrunn,Telemark Toppidrett ungdomsskole Porsgrunn AS,50,3.8,20,49,6.4,10,51,3.8,20,52,5.7,10,56,3.8,20,53,6.5,10
4,I,30,3041,974607905,Hele landet,Viken,Gol,Gol skule,50,4,23,47,4.5,17,51,4.3,24,49,4.6,17,48,2.8,23,45,3.5,17
4,I,42,4202,916105576,Hele landet,Agder,Grimstad,Holviga ungdomsskole,51,2.8,30,52,3.9,25,51,2.8,29,54,3.9,25,53,2.8,30,50,3.9,25
4,I,34,3441,974595842,Hele landet,Innlandet,Gausdal,Gausdal ungdomsskole,51,3.2,32,52,3.1,37,51,3.1,33,53,2.5,40,51,3.3,33,49,2.6,40
4,I,11,1108,816578892,Hele landet,Rogaland,Sandnes,Wang Ung Sandnes AS,51,2.8,35,50,3.4,26,51,2.2,35,53,2.7,25,57,2.9,35,55,2.2,26
4,I,30,3049,974546035,Hele landet,Viken,Lier,Høvik skole,51,2.3,62,51,2.3,58,51,2,61,54,2.5,57,50,2.1,61,50,2.5,58
4,I,42,4212,975289850,Hele landet,Agder,Vegårshei,Vegårshei skule,52,4.8,14,55,3.9,12,51,4.5,14,58,5.8,11,52,4.4,16,52,5.4,13
4,I,3,301,974590646,Hele landet,Oslo,Oslo,Stasjonsfjellet skole,52,2.6,46,52,3,41,51,2.4,42,53,3.1,36,54,3.2,45,48,2.7,39
4,I,11,1103,974611597,Hele landet,Rogaland,Stavanger,Kannik skole,52,2.1,80,55,1.7,110,51,2,80,55,1.8,110,53,1.9,80,52,1.8,110
4,I,50,5001,975290158,Hele landet,Trøndelag - Trööndelage,Trondheim,Charlottenlund ungdomsskole,52,1.9,92,51,1.8,70,51,1.8,89,53,2,72,50,2,92,48,1.7,70
4,I,50,5057,975289389,Hele landet,Trøndelag - Trööndelage,Ørland,Ørland ungdomsskole,52,3.4,21,50,2.9,36,51,3.6,19,52,2.8,36,52,3,22,48,3.3,36
4,I,30,3024,975906892,Hele landet,Viken,Bærum,Mølladammen ungdomsskole,52,1.8,80,52,1.9,75,51,1.9,80,54,2.2,75,54,2,80,52,2.1,75
4,I,30,3002,916789165,Hele landet,Viken,Moss,Rygge ungdomsskole,52,2,85,51,1.9,84,51,1.9,85,52,2,83,55,2.1,86,49,2,83
4,I,30,3020,974593572,Hele landet,Viken,Nordre Follo,Haugjordet ungdomsskole,52,2,84,52,2.2,79,51,1.9,85,52,2.4,80,54,2.1,86,50,2.1,80
4,I,30,3027,974586525,Hele landet,Viken,Rælingen,Sandbekken ungdomsskole og oppvekstsenter,52,2,61,53,2.7,40,51,2.4,61,54,2.8,39,52,2.4,61,48,2.5,40
4,I,42,4203,975280845,Hele landet,Agder,Arendal,Nedenes skole,53,3.2,32,50,3.3,26,51,2.7,31,52,3.4,26,52,2.8,32,51,2.8,25
4,I,34,3413,875289152,Hele landet,Innlandet,Stange,Ottestad ungdomsskole,53,2.8,29,55,3.7,24,51,2.7,32,57,4.1,25,52,2.7,32,54,2.5,24
4,I,3,301,919233532,Hele landet,Oslo,Oslo,Akademiet realfagsskole Oslo AS,53,5.4,18,53,5.2,16,51,5.2,16,53,4.5,17,53,6.4,16,51,5,14
4,I,11,1108,994392328,Hele landet,Rogaland,Sandnes,Lundehaugen ungdomsskole,53,2.8,58,56,2.5,53,51,2.5,58,54,2.7,54,56,2.8,61,53,2.8,53
4,I,11,1103,974611686,Hele landet,Rogaland,Stavanger,Gosen skole,53,2.6,59,52,2.6,54,51,2.3,59,52,2.5,53,52,2.7,59,51,2.4,54
4,I,54,5401,974566516,Hele landet,Troms og Finnmark - Romsa ja Finnmárku - Tromssa ja Finmarkku,Tromsø,Sommerlyst skole,53,1.9,89,52,2.4,66,51,1.9,87,54,2.2,64,55,1.9,87,51,2,66
4,I,50,5001,975279103,Hele landet,Trøndelag - Trööndelage,Trondheim,Blussuvoll skole,53,1.8,90,51,2.1,84,51,1.9,90,53,1.9,82,53,1.9,91,49,1.8,82
4,I,38,3807,975278204,Hele landet,Vestfold og Telemark,Skien,Menstad ungdomsskole,53,2.4,54,50,2.4,51,51,2.3,53,52,2.4,50,54,2.7,54,50,2.3,50
4,I,46,4645,975276430,Hele landet,Vestland,Askvoll,Askvoll skule,53,4.6,14,46,5,13,51,3.3,14,53,5.6,13,54,5.1,14,50,4.1,14
4,I,30,3025,974578387,Hele landet,Viken,Asker,Torstad ungdomsskole,53,2.3,71,53,2.3,65,51,2.2,71,54,2.5,66,56,2.1,71,53,2.4,66
4,I,30,3024,992382597,Hele landet,Viken,Bærum,Hundsund ungdomsskole,53,2.3,49,54,1.9,64,51,2.6,50,55,1.9,64,54,2.7,51,52,2.1,63
4,I,30,3005,975299481,Hele landet,Viken,Drammen,Svensedammen ungdomsskole,53,2.1,84,52,2.2,80,51,1.9,88,53,2.2,85,54,1.9,85,50,2,84
4,I,30,3029,975272621,Hele landet,Viken,Lørenskog,Hammer skole,53,2.2,49,54,2.2,54,51,2.5,50,53,2.3,56,53,2.6,49,48,1.9,55
4,I,11,1127,974551411,Hele landet,Rogaland,Randaberg,Grødem skole,54,3.3,32,53,3.7,22,51,3.3,33,55,3.9,22,53,3.8,32,52,2.9,22
4,I,11,1130,975275507,Hele landet,Rogaland,Strand,Jørpeland ungdomsskole,54,2.6,44,50,3.1,35,51,2.5,44,50,2.6,36,53,2.4,47,47,2.4,34
4,I,50,5001,975279073,Hele landet,Trøndelag - Trööndelage,Trondheim,Sunnland skole,54,2.2,57,51,2.9,41,51,2.3,57,52,3.2,38,55,2.7,56,51,2.8,40
4,I,38,3803,975295826,Hele landet,Vestfold og Telemark,Tønsberg,Ringshaug ungdomsskole,54,2.6,35,52,2.2,47,51,2.2,35,53,2.4,48,52,2.4,35,50,2.1,47
4,I,46,4601,974738015,Hele landet,Vestland,Bergen,Gimle Oppveksttun Skole,54,2,102,52,1.8,95,51,1.9,98,51,2.3,95,54,2.1,100,48,2,92
4,I,46,4601,874738522,Hele landet,Vestland,Bergen,Hop Oppveksttun skole,54,2,77,53,3,51,51,2.1,76,54,2.9,51,55,2.1,75,53,3,51
4,I,46,4601,974738309,Hele landet,Vestland,Bergen,Nattland Oppveksttun - skole,54,2.2,69,53,2.4,57,51,2.1,68,54,2.5,58,54,1.9,65,49,2.4,57
4,I,46,4601,992584602,Hele landet,Vestland,Bergen,Rådalslien skole,54,2.1,62,50,1.9,73,51,2.3,62,52,1.7,75,55,2.2,62,50,2,75
4,I,3,301,974590131,Hele landet,Oslo,Oslo,Ruseløkka skole,55,2.7,45,53,3,41,51,3.2,45,53,3.3,41,51,3.6,45,51,3,41
4,I,11,1103,874735582,Hele landet,Rogaland,Stavanger,Gautesete skole,55,1.7,65,53,2.5,52,51,2.2,65,52,2.9,52,53,2.1,64,48,2.4,52
4,I,11,1103,974611600,Hele landet,Rogaland,Stavanger,Hinna skole,55,2.7,47,53,2.4,39,51,2.2,46,53,2.4,39,53,2.5,47,49,2.6,39
4,I,30,3024,974552310,Hele landet,Viken,Bærum,Bjørnegård skole,55,2.4,53,56,2.6,50,51,2.9,53,54,3,50,54,2.8,53,52,3.3,50
4,I,3,301,874590002,Hele landet,Oslo,Oslo,Manglerud skole,57,2.1,54,54,2.8,41,51,2.5,54,50,2.8,39,54,2.9,56,48,2.5,42
4,I,30,3006,886086202,Hele landet,Viken,Kongsberg,Stiftelsen Kongsberg International School,62,5.4,10,57,3.8,10,51,5.8,10,49,3.1,10,60,6.8,10,52,3.5,10
4,I,34,3452,974596946,Hele landet,Innlandet,Vestre Slidre,Vestre Slidre skule,50,4.3,15,53,3.3,10,52,3.7,14,57,3.4,10,56,2.7,14,52,3.3,10
4,I,54,5419,974569728,Hele landet,Troms og Finnmark - Romsa ja Finnmárku - Tromssa ja Finmarkku,Sørreisa,Sørreisa sentralskole,50,5.2,15,49,5.6,12,52,5.3,14,50,4.9,12,49,4.5,16,48,5.1,11
4,I,30,3007,975299708,Hele landet,Viken,Ringerike,Haugsbygd ungdomsskole,50,3.2,43,49,2.8,26,52,2.7,41,53,3.5,27,52,2.7,42,50,2.7,26
4,I,38,3804,974594412,Hele landet,Vestfold og Telemark,Sandefjord,Ranvik ungdomsskole,51,2.7,41,52,2.3,56,52,3.5,41,53,2.8,54,55,2.8,40,49,2.3,55
4,I,30,3004,986779795,Hele landet,Viken,Fredrikstad,Wang Fredrikstad AS,51,2,31,51,3.3,29,52,2.1,31,57,3.1,29,54,2.4,31,53,3.3,29
4,I,50,5060,975268969,Hele landet,Trøndelag - Trööndelage,Nærøysund,Kolvereid skole,52,3.1,31,,,,52,2.6,30,,,,52,3.3,30,,,
4,I,46,4647,975276538,Hele landet,Vestland,Sunnfjord,Vassenden skule,52,4.8,13,49,5.5,11,52,4.1,13,53,6.3,11,54,4,13,55,4.9,12
4,I,30,3025,974578360,Hele landet,Viken,Asker,Risenga ungdomsskole,52,2.2,70,53,2.7,59,52,2.1,70,55,2.7,59,53,2.1,70,52,2.3,59
4,I,30,3006,975284727,Hele landet,Viken,Kongsberg,Tislegård ungdomsskole,52,1.8,73,54,2.4,55,52,1.9,72,57,2.4,54,55,1.9,72,54,2.4,54
4,I,30,3019,986236856,Hele landet,Viken,Vestby,Grevlingen skole,52,2.5,65,52,3.1,42,52,2.5,66,54,3.1,42,53,2.4,64,51,3.1,43
4,I,11,1124,925910325,Hele landet,Rogaland,Sola,Kjerrberget ungdomsskole,53,3.3,38,54,2.5,42,52,2.4,38,52,2.2,43,55,3.3,38,50,2.7,42
4,I,11,1121,979150229,Hele landet,Rogaland,Time,Lye ungdomsskule,53,3,23,,,,52,3,23,,,,,,,,,
4,I,54,5401,986571108,Hele landet,Troms og Finnmark - Romsa ja Finnmárku - Tromssa ja Finmarkku,Tromsø,Langnes skole,53,2,69,51,2.8,52,52,2,69,53,2.7,53,53,2,69,52,2.4,52
4,I,50,5001,975279057,Hele landet,Trøndelag - Trööndelage,Trondheim,Ugla skole,53,2,83,52,2.3,60,52,2.2,84,55,2,60,54,2.1,84,51,2.3,60
4,I,38,3803,973915908,Hele landet,Vestfold og Telemark,Tønsberg,Granly skole,53,3.8,20,49,5.3,13,52,4.6,20,51,5.1,14,56,5.1,20,46,4.6,12
4,I,30,3025,973746979,Hele landet,Viken,Asker,Slemmestad ungdomsskole,53,2.1,54,51,2.2,53,52,2.3,53,52,2.7,52,53,2.3,54,47,2.6,52
4,I,30,3020,975272842,Hele landet,Viken,Nordre Follo,Hellerasten skole,53,2.6,46,53,2.6,48,52,2.5,45,57,2.6,48,52,3.4,46,52,2.8,48
4,I,30,3020,875272802,Hele landet,Viken,Nordre Follo,Ingieråsen skole,53,2.8,49,55,2.7,45,52,2.7,49,56,2.7,46,54,2.4,49,54,2.2,47
4,I,42,4206,975295087,Hele landet,Agder,Farsund,Lista ungdomsskole,54,3,38,46,3.3,33,52,2.8,39,49,2.9,35,55,3,39,47,2.6,35
4,I,34,3405,915225284,Hele landet,Innlandet,Lillehammer,Norges Toppidrettsgymnas ungdomsskole Lillehammer AS,54,3.3,16,48,4.7,13,52,3.4,17,57,4.5,15,52,3.8,17,53,3.6,15
4,I,3,301,974590603,Hele landet,Oslo,Oslo,Bjørnsletta skole,54,3.4,37,54,2.2,55,52,3,40,57,2.4,56,55,2.7,40,52,2.5,56
4,I,11,1103,974611244,Hele landet,Rogaland,Stavanger,Austbø skole,54,2.4,53,51,2.7,56,52,2.6,53,53,2.9,57,56,2.6,53,47,2.6,57
4,I,46,4601,973159658,Hele landet,Vestland,Bergen,Foreningen Danielsen ungdomsskole Bergen,54,2.6,52,56,2.8,36,52,2.9,52,57,3.3,35,55,2.3,52,54,3.1,35
4,I,30,3005,975284476,Hele landet,Viken,Drammen,Børresen ungdomsskole,54,2.2,43,53,2.6,60,52,2.4,43,56,2.6,61,54,2.7,44,52,2.4,60
4,I,30,3002,975280454,Hele landet,Viken,Moss,Hoppern skole,54,1.7,66,51,2.2,69,52,2.1,68,51,2.1,68,50,2,68,46,2,69
4,I,30,3020,985548277,Hele landet,Viken,Nordre Follo,Flåtestad skole,54,2.5,48,53,2.6,48,52,2.7,48,54,2.6,47,56,2.6,48,51,2.2,47
4,I,30,3020,974593580,Hele landet,Viken,Nordre Follo,Kråkstad skole,54,5.1,25,57,5.9,16,52,4.1,26,55,5.6,16,57,4.8,26,51,4.1,16
4,I,42,4203,974117061,Hele landet,Agder,Arendal,St Franciskus skole,55,5.2,10,47,3.7,29,52,5.2,10,49,3.8,28,,,,,,
4,I,34,3403,975270548,Hele landet,Innlandet,Hamar,Børstad ungdomsskole,55,2.7,35,49,2.2,53,52,2.7,35,50,2.3,55,54,3.2,35,46,1.8,53
4,I,3,301,974589850,Hele landet,Oslo,Oslo,Høyenhall skole,55,3.2,33,49,3,27,52,3.8,33,51,3.5,29,51,3.7,33,48,3.3,28
4,I,3,301,997621506,Hele landet,Oslo,Oslo,Nordpolen skole,55,3.5,30,51,3.7,21,52,3.1,32,52,4.3,21,55,3.2,32,46,3,21
4,I,50,5001,975300102,Hele landet,Trøndelag - Trööndelage,Trondheim,Rosten skole,55,3.1,34,50,2.8,43,52,3.2,33,49,3.1,42,55,3.5,32,47,3,41
4,I,3,301,912187071,Hele landet,Oslo,Oslo,Sofienberg skole,56,3.2,51,53,2.6,52,52,3.2,50,51,2.8,51,53,2.5,50,48,2.4,51
4,I,30,3023,975272907,Hele landet,Viken,Nesodden,Tangenåsen ungdomsskole,56,2.5,32,56,2.4,49,52,2.5,33,54,2.4,49,55,3.2,33,50,2.5,48
4,I,15,1507,975289435,Hele landet,Møre og Romsdal,Ålesund,Ørskog skule 1-10 skule,59,4.8,12,53,6,11,52,5.6,12,57,5.6,11,52,4.8,12,54,7,11
4,I,30,3025,998258383,Hele landet,Viken,Asker,Stiftelsen Asker International School,63,3.5,24,61,3.8,16,52,5,20,49,4.4,16,59,4.8,24,53,3.9,16
4,I,38,3807,915779328,Hele landet,Vestfold og Telemark,Skien,Telemark Toppidrett ungdomsskole Skien AS,51,3.6,20,49,4.2,11,53,3.4,20,59,3.6,11,57,4.6,20,58,5.1,11
4,I,42,4204,985260044,Hele landet,Agder,Kristiansand,Holte skole,52,2.5,54,51,2.4,47,53,2.3,54,56,2.3,46,57,2.4,55,51,2.2,47
4,I,15,1506,973994581,Hele landet,Møre og Romsdal,Molde,Skjevik barne- og ungdomsskole,52,5.9,13,48,3.8,15,53,5.4,12,49,2.7,14,,,,,,
4,I,3,301,974590611,Hele landet,Oslo,Oslo,Nordseter skole,52,2.1,69,54,2.2,73,53,2.1,71,57,2,74,55,2.2,69,52,2.1,73
4,I,34,3453,875294792,Hele landet,Innlandet,Øystre Slidre,Øystre Slidre ungdomsskule,53,4.9,18,49,5.3,11,53,4.7,18,51,3,11,50,3.9,18,43,2.3,11
4,I,11,1103,916579632,Hele landet,Rogaland,Stavanger,Wang Ung Stavanger AS,53,2.8,33,52,3.3,27,53,2.7,33,54,3.4,27,57,2.5,33,53,3.1,27
4,I,30,3024,974552353,Hele landet,Viken,Bærum,Østerås skole,53,2.3,53,54,2.2,65,53,2.5,51,57,1.9,65,54,2.4,51,54,2,65
4,I,18,1804,986755063,Hele landet,Nordland,Bodø,Bodøsjøen skole,54,4.7,20,47,4.8,17,53,4.9,19,52,4.2,17,51,5.6,19,48,4.5,17
4,I,3,301,974590328,Hele landet,Oslo,Oslo,Uranienborg skole,54,4,23,56,3.1,30,53,3.9,23,55,3.7,30,56,4,23,53,3.7,30
4,I,11,1127,974551438,Hele landet,Rogaland,Randaberg,Goa skole,54,3.9,18,50,4.8,18,53,4.2,18,49,4.4,17,55,4.8,18,48,3.8,18
4,I,38,3814,975278328,Hele landet,Vestfold og Telemark,Kragerø,Kragerø skole,54,3.2,28,50,4.2,30,53,2.8,27,50,3.3,28,53,3,29,47,2.8,30
4,I,46,4601,874737992,Hele landet,Vestland,Bergen,Rothaugen skole,54,1.9,113,52,2.3,71,53,2.1,106,52,2.2,73,52,1.9,114,48,1.8,72
4,I,30,3029,825308512,Hele landet,Viken,Lørenskog,Wang Romerike AS,54,2.1,35,54,3.3,29,53,1.7,35,58,3.3,29,55,2.4,35,54,2.9,29
4,I,3,301,974589737,Hele landet,Oslo,Oslo,Bøler skole,55,2.9,40,55,2.6,34,53,2.8,42,59,3.1,34,56,2.7,41,55,3.4,34
4,I,3,301,876805022,Hele landet,Oslo,Oslo,Skøyenåsen skole,55,1.7,97,56,1.7,109,53,1.8,97,59,1.9,109,57,1.7,96,54,1.9,109
4,I,34,3416,975290360,Hele landet,Innlandet,Eidskog,Eidskog ungdomsskole,56,3,22,50,2.9,29,53,3.5,21,51,3.2,29,59,4.2,22,52,3.4,29
4,I,46,4601,974117045,Hele landet,Vestland,Bergen,St Paul skole,56,3.6,22,56,2.5,33,53,3.3,22,53,3,33,56,4.2,22,53,2.3,33
4,I,3,301,974117088,Hele landet,Oslo,Oslo,St Sunniva skole Avd Undervisning,58,3,31,54,2.9,30,53,2.6,32,52,4,29,56,2.3,32,50,2.8,29
4,I,3,301,973480634,Hele landet,Oslo,Oslo,Den Tysk-Norske skolen i Oslo,59,5.6,12,60,3.8,19,53,6.8,11,57,3.6,17,59,5,12,57,3.2,19
4,I,30,3002,813943492,Hele landet,Viken,Moss,Childrens International School Moss AS,61,3.7,11,61,4.8,10,53,5.5,10,56,5.4,10,,,,,,
4,I,54,5401,915239013,Hele landet,Troms og Finnmark - Romsa ja Finnmárku - Tromssa ja Finmarkku,Tromsø,Norges Toppidrettsgymnas ungdomsskole Tromsø AS,50,4.8,15,54,3.2,17,54,4.8,15,58,3.1,17,55,4.6,15,55,3.1,17
4,I,3,301,974590581,Hele landet,Oslo,Oslo,Brannfjell skole,53,1.9,106,54,2,88,54,2.1,105,56,2.1,86,56,1.9,105,51,1.8,90
4,I,3,301,918399267,Hele landet,Oslo,Oslo,Vollebekk skole,53,2.3,47,55,2.1,60,54,2.5,47,56,2.3,60,53,2.6,47,52,2.4,60
4,I,3,301,913946065,Hele landet,Oslo,Oslo,Wang Ung Oslo AS,53,1.9,67,53,2,55,54,2,68,57,2.2,55,57,2,67,58,2.3,55
4,I,38,3804,918374221,Hele landet,Vestfold og Telemark,Sandefjord,Wang Ung Sandefjord AS,53,2.8,40,,,,54,2.6,40,58,3.4,23,56,2.8,41,55,3.3,23
4,I,46,4651,975277089,Hele landet,Vestland,Stryn,Olden skule,53,5.8,13,50,4.1,17,54,5.1,13,53,3.9,17,57,6.6,13,52,3.6,17
4,I,30,3025,974578379,Hele landet,Viken,Asker,Solvang ungdomsskole,54,2.6,45,54,2.4,54,54,2.5,46,54,2.1,57,56,2.6,46,52,2.2,58
4,I,3,301,913511204,Hele landet,Oslo,Oslo,Fagerborg skole,55,2.3,66,54,2.3,66,54,2.3,67,55,2.3,68,54,2.2,68,51,2.4,66
4,I,3,301,979120087,Hele landet,Oslo,Oslo,Nordberg skole,55,1.9,78,53,2,78,54,1.9,76,58,2,79,57,2.5,75,53,1.9,78
4,I,3,301,926000705,Hele landet,Oslo,Oslo,Nordstrand ungdomsskole,55,2,73,53,2.5,52,54,2,75,55,2.4,53,56,2.6,75,50,2.2,53
4,I,54,5402,974626829,Hele landet,Troms og Finnmark - Romsa ja Finnmárku - Tromssa ja Finmarkku,Harstad - Hárstták,Kila skole,55,4.1,19,46,3.4,23,54,3.5,19,48,3.7,23,53,3.8,20,47,3.6,19
4,I,30,3024,974552302,Hele landet,Viken,Bærum,Bekkestua skole,55,2.2,90,54,2.1,80,54,1.9,87,56,2.1,80,56,2,89,52,2,80
4,I,30,3031,975272540,Hele landet,Viken,Nittedal,Nittedal ungdomsskole,55,2.2,70,53,2.2,58,54,2.1,73,56,2.4,57,57,2.2,72,52,2,56
4,I,3,301,874590592,Hele landet,Oslo,Oslo,Hovseter skole,56,1.7,114,53,1.5,105,54,1.9,114,56,1.7,106,55,1.9,116,54,1.7,106
4,I,3,301,987131780,Hele landet,Oslo,Oslo,Kastellet skole,56,3.4,33,51,3.3,29,54,3.1,33,54,3.4,28,58,3.7,33,54,3.5,29
4,I,3,301,974590166,Hele landet,Oslo,Oslo,Sagene skole,56,3.7,21,53,4.3,22,54,4.9,19,50,4.5,22,54,4,22,48,4,23
4,I,3,301,974590395,Hele landet,Oslo,Oslo,Årvoll skole,56,2.5,54,54,3.1,41,54,2.9,53,56,3.3,39,55,2.4,56,53,3.4,43
4,I,3,301,974590026,Hele landet,Oslo,Oslo,Marienlyst skole,57,2.3,60,56,2.2,70,54,2.5,60,58,2.3,70,59,2.5,60,55,2.5,70
4,I,3,301,974589931,Hele landet,Oslo,Oslo,Lambertseter skole,58,2.6,39,55,3.1,35,54,2.6,39,52,3,35,57,2.4,40,47,2.9,33
4,I,30,3024,990672938,Hele landet,Viken,Bærum,Norges Toppidrettsgymnas ungdomsskole Bærum AS,53,2,56,53,3.5,33,55,2.2,57,58,2.2,33,59,2,57,55,2.6,33
4,I,30,3024,974552329,Hele landet,Viken,Bærum,Hosletoppen skole,55,2.2,60,54,2.1,58,55,2,60,57,2.2,58,56,1.9,60,54,1.9,58
4,I,3,301,975013286,Hele landet,Oslo,Oslo,Kristelig gymnasium AS Grunnskole,56,2.2,62,56,2.2,61,55,2.4,63,58,2.3,63,57,2.1,63,55,1.9,63
4,I,3,301,974590808,Hele landet,Oslo,Oslo,Midtstuen skole,56,1.6,95,54,2.1,79,55,1.6,97,57,1.9,77,59,1.6,94,57,2,80
4,I,3,301,974590638,Hele landet,Oslo,Oslo,Øraker skole,57,2,73,56,2,52,55,2.1,74,58,2.5,52,60,2.2,73,55,2.6,52
4,I,3,301,974590093,Hele landet,Oslo,Oslo,Oppsal skole,58,3.7,29,60,3.5,23,55,3.3,30,58,3.4,24,57,3.5,29,51,3.5,24
4,I,30,3024,874552372,Hele landet,Viken,Bærum,Ringstabekk skole,55,1.8,64,54,1.8,65,56,1.8,63,57,2.1,65,57,2,64,54,2,65
4,I,3,301,998469635,Hele landet,Oslo,Oslo,Morellbakken skole,56,2.3,70,56,2,58,56,2.2,72,61,2,58,57,2.2,72,55,2,58
4,I,3,301,974590824,Hele landet,Oslo,Oslo,Ris skole,57,1.5,109,56,1.5,135,57,1.8,108,58,1.5,136,61,1.7,108,55,1.6,135
4,I,11,1106,971816287,Hele landet,Rogaland,Haugesund,Haugesund Toppidrettsgymnas AS,57,4.3,16,51,7.4,11,57,4.8,16,52,5.4,11,58,3.7,16,52,5.7,11
4,I,3,301,979127642,Hele landet,Oslo,Oslo,Engebråten skole,57,1.4,117,55,1.6,117,59,1.4,117,58,1.7,119,60,1.5,117,54,1.6,117
4,I,30,3024,816691842,Hele landet,Viken,Bærum,Norges Realfagsgymnas ungdomsskole Bærum AS,62,1.6,54,64,2.4,27,59,2,54,63,3.2,27,67,1.7,54,68,2.6,27
4,I,38,3805,975271366,Hele landet,Vestfold og Telemark,Larvik,Lardal skole,44,4.3,23,51,6.4,10,,,,,,,47,3.9,23,47,7.9,10
4,I,54,5430,975279707,Hele landet,Troms og Finnmark - Romsa ja Finnmárku - Tromssa ja Finmarkku,Guovdageaidnu - Kautokeino,Kautokeino skole,45,6.2,11,,,,,,,,,,43,4.9,13,,,
4,I,18,1822,874581372,Hele landet,Nordland,Leirfjord,Leirfjord barne- og ungdomsskole,47,8.9,10,51,4.4,10,,,,,,,,,,,,
4,I,50,5006,975268837,Hele landet,Trøndelag - Trööndelage,Steinkjer,Egge ungdomsskole,47,2.5,44,,,,,,,50,2.3,46,,,,48,2.7,45
4,I,15,1506,973994654,Hele landet,Møre og Romsdal,Molde,Vågsetra barne- og ungdomsskole,49,3.8,20,42,4.3,13,,,,,,,48,3.4,20,48,4.5,13
4,I,18,1848,975292924,Hele landet,Nordland,Steigen,Steigenskolen Leinesfjord,49,5,17,53,5.8,10,,,,,,,47,5.2,17,45,3.9,14
4,I,30,3052,975284018,Hele landet,Viken,Nore og Uvdal,Rødberg skole,49,5.5,10,48,4,10,,,,,,,,,,,,
4,I,11,1108,986978070,Hele landet,Rogaland,Sandnes,Sandnes friskole AS,50,3.8,15,54,5.5,13,,,,,,,53,4.6,14,49,5.2,13
4,I,46,4617,975289257,Hele landet,Vestland,Kvinnherad,Husnes ungdomsskule,50,2.5,53,46,2.1,49,,,,,,,51,2.7,53,45,2.3,49
4,I,46,4631,975299163,Hele landet,Vestland,Alver,Radøy ungdomsskule,51,3.3,28,48,3.5,27,,,,,,,48,4,30,45,3.4,26
4,I,30,3014,911632179,Hele landet,Viken,Indre Østfold,Askim ungdomsskole,51,2,83,51,1.8,100,,,,,,,51,2.3,83,50,1.6,100
4,I,11,1103,975275272,Hele landet,Rogaland,Stavanger,Rennesøy skule,55,3.3,27,52,2.7,38,,,,,,,56,3.2,27,53,2.7,37
4,I,3,301,915601618,Hele landet,Oslo,Oslo,Norlights International School Oslo AS,58,4.5,15,65,3.8,11,,,,,,,57,4.3,15,56,5.5,11
4,I,11,1103,820332342,Hele landet,Rogaland,Stavanger,Biss Gausel,60,4.1,12,62,2.3,28,,,,,,,,,,,,
4,I,50,5001,986859659,Hele landet,Trøndelag - Trööndelage,Trondheim,Stiftelsen Trondheim International School,61,5.3,10,60,4.6,14,,,,,,,56,5.2,10,49,6.2,14
